Drug_ID,pred_KIBA,SMILES
CHEMBL483526,14.832984,COc1cc(O)c2c(=O)oc3cc(O)cc(C)c3c2c1
CHEMBL1684800,14.787812,COc1ccc(Cn2ncc(NC(=O)c3cc(NC(=O)Nc4ccc(Cl)c(C(F)(F)F)c4)ccc3C)c2N)cc1
CHEMBL520144,14.684968,COc1cc(O)c2c(=O)oc3c(O)c(O)cc(C)c3c2c1
CHEMBL483525,14.681701,Cc1cc(O)cc2oc(=O)c3c(O)cc(OS(=O)(=O)O)cc3c12
CHEMBL519982,14.577462,Cc1cc(O)cc2oc(=O)c3c(O)cc(O)cc3c12
CHEMBL478629,14.573543,c1cc(-c2cnn3cc(-c4ccc(OCCN5CCCCC5)cc4)cnc23)ccn1
CHEMBL512054,14.554017,COc1cc(O)c2c(c1)C(=O)C1=C(C2=O)C(O)C(O)C(C)(O)C1O
CHEMBL521470,14.551593,O=C1CC(O)C2c3c(ccc(O)c31)-c1ccc(O)c3c1C2(O)CCC3=O
CHEMBL83790,14.475876,CNC1CC2OC(C)(C1OC)n1c3ccccc3c3c4c(c5c6cc(O)ccc6n2c5c31)C(=O)NC4
CHEMBL554993,14.420661,COc1cc2c(c(O)c1-c1c(OC)cc(O)c3c1C(=O)C1=C(C3=O)C(O)C(O)C(C)(O)C1O)C(=O)c1cc(O)c(C)cc1C2=O
CHEMBL1271532,14.35576,c1cc(-c2cnc3c(-c4cn[nH]c4)cnn3c2)ccc1OCCN1CCOCC1
CHEMBL463054,14.177503,COc1cc(O)c2c(c1)C(=O)c1cc(C)c(O)cc1C2=O
CHEMBL408995,14.153678,COc1cc(O)c2c(c1)C1(OC2=O)C(C)=CC(=O)C1O
CHEMBL249097,14.137419,Cc1ccc(O)cc1Nc1ccnc(Nc2cccc(C(N)=O)c2)n1
CHEMBL1650533,14.130342,CCN(Cc1cc(Nc2nc(C)cn3c(-c4cn[nH]c4)cnc23)sn1)C(C)(C)CO.Cl
CHEMBL556684,14.095361,COc1cc(O)c2c(c1)C(=O)c1cc(C)c(O)c(O)c1C2=O
CHEMBL483531,14.093858,COc1cc(O)c(C(=O)O)c(-c2cc(O)c(O)cc2C)c1
CHEMBL1994938,14.027425,Nc1ncc(C=CC(=O)NCCCn2ccnc2)c2scc(-c3ccc(Br)cc3)c12
CHEMBL483532,14.024719,Cc1cc(O)c(O)cc1-c1cc(O)cc(O)c1C(=O)O
CHEMBL507058,13.999991,COc1cc(O)c2c(c1)-c1cc(O)c(O)cc1COC2=O
CHEMBL519395,13.996728,COc1cc(O)c(C(=O)O)c(C2=C(C)CC(O)C2=O)c1
CHEMBL324153,13.943509,c1cc(-c2cnn3cc(-c4ccc(OCCN5CCOCC5)cc4)cnc23)ccn1
CHEMBL1774056,13.916255,Cc1cc(Nc2nc(NC(C)c3ccc(F)cn3)c(C#N)cc2F)n[nH]1
CHEMBL1994669,13.91236,Cn1cc(Nc2ncc(Br)c(Nc3ccccc3C(N)=O)n2)cn1
CHEMBL1271641,13.91012,Oc1ccc(-c2cnn3cc(-c4ccc(OCCN5CCOCC5)cc4)cnc23)cc1O
CHEMBL291126,13.87584,O=C1NC(=O)c2c1c1c3ccccc3n3c1c1c2c2ccccc2n1C1OC3CC1CO
CHEMBL429743,13.852577,COc1cc2nccc(Oc3ccc4c(C(=O)Nc5ccc(Cl)cc5)cccc4c3)c2cc1OC
CHEMBL386760,13.838632,COc1ccc(N(C(=O)Oc2c(C)cccc2C)c2ccnc(Nc3cc(OC)c(OCCCN4CCN(C)CC4)c(OC)c3)n2)c(OC)c1
CHEMBL1986851,13.77308,Cc1cccc(NC(=O)Nc2ccc(-c3csc4c(-c5cnn(CCO)c5)cnc(N)c34)cc2F)c1
CHEMBL1984548,13.724967,Cn1cc(Nc2ncc(Cl)c(Nc3ccccc3C(N)=O)n2)cn1
CHEMBL162621,13.717235,N#CC1=C(c2c(-c3cc4ccccc4s3)n(CCCSC(=N)N)c3ccccc23)C(=O)NC1=O
CHEMBL444864,13.704526,NC(=[NH2+])SCCCn1c(-c2ccc3ccccc3c2)c(C2=CC(=O)NC2=O)c2ccccc21.[Br-]
CHEMBL1271533,13.671304,Nc1cc(-c2cnn3cc(-c4ccc(OCCN5CCOCC5)cc4)cnc23)ccn1
CHEMBL2071201,13.619982,Cn1cc(Nc2ncc(Br)c(NC3C4C=CC(C4)C3C(N)=O)n2)cn1
CHEMBL435868,13.597127,N=C(N)SCCCn1c(-c2cc3ccccc3o2)c(C2=CC(=O)NC2=O)c2ccccc21
CHEMBL453737,13.5917425,COc1cc2c(Oc3ccc(-c4cnc(Nc5ccc(F)cc5)n(C)c4=O)cc3F)ccnc2cc1OCCCN1CCOCC1
CHEMBL1993243,13.584201,CNC(=O)C=Cc1cnc(N)c2c(-c3ccc4c(c3)OCO4)csc12
CHEMBL2010872,13.572576,CC(C)Cn1c2ccc(Nc3ncccn3)cc2c2c3c(c4c(c21)CCc1nn(C)cc1-4)C(=O)NC3
CHEMBL1967998,13.541537,CCN1CCN(c2ccc(Nc3ncc(Cl)c(Nc4ccc5[nH]ncc5c4)n3)cc2)CC1
CHEMBL57347,13.522868,CN1CCN(CCCNc2ncc3cc(-c4c(Cl)cccc4Cl)c(NC(=O)NC(C)(C)C)nc3n2)CC1
CHEMBL447602,13.475783,COc1cc2c(Oc3ccc(-c4cnc(Nc5ccc(F)cc5)n(C)c4=O)nc3)ccnc2cc1OCCCN1CCOCC1
CHEMBL301483,13.47508,CCNC(=O)Nc1nc2nc(NCCCCN(CC)CC)ncc2cc1-c1c(Cl)cccc1Cl
CHEMBL1270399,13.454619,Cc1cn2c(-c3cn[nH]c3)cnc2c(Nc2cc(C(C)N3CC(C)OC(C)C3)ns2)n1
CHEMBL189584,13.403424,CCN(CC)CCCCNc1ncc2cc(-c3cc(OC)cc(OC)c3)c(NC(=O)NC(C)(C)C)nc2n1
CHEMBL140600,13.402752,CC12OC(CC1(O)C(=O)O)n1c3ccccc3c3c4c(c5c6ccccc6n2c5c31)CNC4=O
CHEMBL514409,13.359481,CCS(=O)(=O)Nc1ccc2c(c1)C(=C(Nc1ccc(CN3CCCCC3)cc1)c1ccccc1)C(=O)N2
CHEMBL2006715,13.35143,O=C(Nc1cccc(-c2nc3sccn3c2-c2ccnc(Nc3cccc(N4CCCC4=O)c3)n2)c1)c1c(F)cccc1F
CHEMBL1271480,13.309315,O=c1ccc(-c2cnn3cc(-c4ccc(OCCN5CCOCC5)cc4)cnc23)c[nH]1
CHEMBL340611,13.299283,CC[N+](C)(C)C1CC2OC(C)(C1OC)n1c3ccccc3c3c4c(c5c6ccccc6n2c5c31)C(=O)NC4
CHEMBL45827,13.297292,CCN(CC)CCCCNc1ncc2cc(-c3c(Cl)cccc3Cl)c(NC(=O)NC(C)(C)C)nc2n1
CHEMBL6291,13.287226,Cn1cc(C2=C(c3cn(CCCSC(=N)N)c4ccccc34)C(=O)NC2=O)c2ccccc21
CHEMBL1991429,13.285223,O=C(Cc1ccccc1)Nc1cccc(-c2nc3sccn3c2-c2ccnc(Nc3cccc(N4CCCC4=O)c3)n2)c1
CHEMBL94678,13.267749,COC(=O)C1(O)CC2OC1(C)n1c3ccccc3c3c4c(c5c6ccccc6n2c5c31)C(=O)NC4
CHEMBL2064666,13.261173,COc1c(Nc2ncc(Cl)c(NC3C4C=CC(C4)C3C(N)=O)n2)ccc2c1CCC(N1CCOCC1)CC2
CHEMBL1973516,13.259376,CCN1CCN(c2ccc(Nc3ncc(C#N)c(Nc4ccc5[nH]ncc5c4)n3)cc2)CC1
CHEMBL337026,13.237615,CNC1CC2OC(C)(C1OC)n1c3ccccc3c3c4c(c5c6ccccc6n2c5c31)C(=O)NC4=O
CHEMBL2086760,13.23611,CCN1CCC(Nc2ccc3c(c2)C(=C(c2ccc(Cl)cc2)c2ncc[nH]2)C(=O)N3)CC1
CHEMBL150894,13.224046,CC(C)OCc1ccc2c(c1)c1c3c(c4c(c1n2CCCO)Cc1ccccc1-4)C(=O)NC3
CHEMBL329274,13.217427,O=C1NC(=O)C(n2ccc3ccccc32)=C1n1ccc2ccccc21
CHEMBL350059,13.217342,N=C(N)SCCCn1c(-c2cccc3ccccc23)c(C2=CC(=O)NC2=O)c2ccccc21
CHEMBL372657,13.21027,Clc1cccc(Nc2cncc(-c3cncc(NCCCn4cncn4)c3)n2)c1
CHEMBL505896,13.209451,COc1cc2c(Oc3ccc(-c4cnc(Cc5ccccc5)n(C)c4=O)cc3F)ccnc2cc1OCCCN1CCOCC1
CHEMBL354246,13.203267,N#CNC(N)=NCCCn1c(-c2cc3ccccc3s2)c(C2=C(C#N)C(=O)NC2=O)c2ccccc21
CHEMBL335648,13.201316,COC1C([N+](C)(C)C)CC2OC1(C)n1c3ccccc3c3c4c(c5c6ccccc6n2c5c31)C(=O)NC4
CHEMBL1967720,13.195014,CC(C)(C(N)=O)n1cc(-c2cnc(N)c3c(-c4ccc(NC(=O)Nc5cccc(F)c5)cc4)csc23)cn1
CHEMBL1976936,13.179374,OC1CCCC(Nc2cc(Cl)nc(-c3c[nH]c4ncccc34)n2)C1
CHEMBL281872,13.17406,COc1cc2c(Nc3ccc(Br)cc3F)ncnc2cc1OCCn1ccnn1
CHEMBL163269,13.160033,NC(=[NH2+])SCCCn1cc(C2=C(c3cccc4ccccc34)C(=O)NC2=O)c2ccccc21.[Br-]
CHEMBL215943,13.13689,Cc1ccc(C(=O)Nc2cccc(C(F)(F)F)c2)cc1-c1ccc2nc(NCCN3CCOCC3)ncc2c1
CHEMBL348586,13.121788,CN(C)C1=C(c2c(-c3cc4ccccc4s3)n(CCCSC(=N)N)c3ccccc23)C(=O)NC1=O
CHEMBL350375,13.11338,N#CC1=C(c2c(-c3cc4ccccc4s3)n(CCCN=C(N)N)c3ccccc23)C(=O)NC1=O
CHEMBL489058,13.108357,CCN1CCN(CCC=Cc2ccc3c(Nc4ccc(Sc5nccn5C)c(Cl)c4)c(C#N)cnc3c2)CC1
CHEMBL2005509,13.103893,CNC(=O)NC1CCC(Nc2nc(Cl)cc(-c3c[nH]c4ncccc34)n2)CC1
CHEMBL23327,13.096589,CC(C)C(CO)Nc1nc(Nc2cccc(Cl)c2)c2ncn(C(C)C)c2n1
CHEMBL2326002,13.088582,CC(C)C(C)(O)C1CN(c2nc(-c3[nH]nc4ncccc34)c(F)cc2Cl)CCN1
CHEMBL361708,13.077223,NC1=NC(=O)C(=C2CCNC(=O)c3[nH]c(Br)cc32)N1
CHEMBL1986855,13.0757675,COc1ccc(CNc2cc(-c3c[nH]c4ncccc34)cc(F)n2)cc1
CHEMBL55382,13.049038,CNC1CC2OC(C)(C1OC)n1c3ccc(O)cc3c3c4c(c5c6cc(O)ccc6n2c5c31)C(=O)OC4
CHEMBL161832,13.014833,N=C(N)SCCCn1c(-c2ccccc2)c(C2=CC(=O)NC2=O)c2ccccc21
CHEMBL1988163,13.013775,NS(=O)(=O)c1cccc(Nc2ncc3ccn(-c4ccccc4)c3n2)c1
CHEMBL1992220,12.999523,CCNC(=O)NC1CCC(Nc2nc(Cl)cc(-c3c[nH]c4ncccc34)n2)CC1
CHEMBL2178352,12.986113,CN1CCN(c2ccc(Nc3ncc4nc(Nc5ccccc5)n(C5CCCC5)c4n3)cc2)CC1
CHEMBL243518,12.984439,Cc1ccc(Nc2nccc(Nc3ccccc3C(=O)O)n2)cc1F
CHEMBL538718,12.968107,CN1CC2Cc3c(C4=C(c5cn(C)c6ccccc56)C(=O)NC4=O)c4ccccc4n3CC2C1
CHEMBL349382,12.958832,O=C1C=C(c2c(-c3cc4ccccc4s3)n(CCCNC3=NCCN3)c3ccccc23)C(=O)N1
CHEMBL371169,12.95564,Clc1cccc(Nc2cncc(-c3cncc(NCCCn4cccn4)c3)n2)c1
CHEMBL56983,12.953281,CCN(CC)CCCCNc1ncc2cc(-c3c(Cl)cccc3Cl)c(NC(=O)Nc3ccccc3)nc2n1
CHEMBL217090,12.938178,Clc1ccc2c(c1Nc1ncnc3cc(OCCCN4CCCC4)cc(OC4CCOCC4)c13)OCO2
CHEMBL68423,12.92945,COc1cc(OC)c2cc(-c3ccncc3)cnc2c1
CHEMBL386636,12.924433,O=C1NC(=O)c2c1c1c(c3[nH]c4ccccc4c23)CCc2ccccc2-1
CHEMBL69129,12.920276,Nc1ncnc2c1c(-c1ccc(Oc3ccccc3)cc1)cn2C1CCC(O)C1
CHEMBL602123,12.912332,O=C(Nc1cc(Oc2cccc3[nH]c(=O)[nH]c23)c(F)c(F)c1F)c1cccc(OC(F)(F)F)c1
CHEMBL1996980,12.910987,CNCC(=O)NC1CCC(Nc2nc(Cl)cc(-c3c[nH]c4ncccc34)n2)CC1
CHEMBL348943,12.904977,N=C(N)SCCCn1c(-c2ccc(-c3ccccc3)cc2)c(C2=CC(=O)NC2=O)c2ccccc21
CHEMBL214329,12.8860655,CN1CCN(c2ccc(Nc3ncc4ccn(C5CCCCC5)c4n3)cc2)CC1
CHEMBL1650551,12.875965,Cc1cn2c(-c3cn[nH]c3)cnc2c(Nc2cc(CN3CCC(F)(F)C3)ns2)n1.Cl
CHEMBL1650545,12.868266,Cc1cn2c(-c3cn[nH]c3)cnc2c(Nc2cc(CN3CCC(F)(F)C3)ns2)n1
CHEMBL57366,12.8507595,CC(C)(C)NC(=O)Nc1nc2nc(N)ncc2cc1-c1c(Cl)cccc1Cl
CHEMBL1090360,12.836379,O=C(Cc1ccccc1)Nc1cccc(-c2nc3sccn3c2-c2ccnc(Nc3cccc(N4CCOCC4)c3)n2)c1
CHEMBL351295,12.831231,CN(C)CCCn1c(-c2cc3ccccc3s2)c(C2=CC(=O)NC2=O)c2ccccc21
CHEMBL1979516,12.823773,CCNC(=O)c1cnc(N)c2c(-c3ccc(NC(=O)Nc4cccc(F)c4)cc3)csc12
CHEMBL606964,12.823717,COc1ccc(N2Cc3cnc(Nc4ccc(F)cc4)nc3N(C3CCC(O)C3)C2=O)cc1
CHEMBL60254,12.822289,O=C(NC1CNCCCC1OC(=O)c1cc(O)c(C(=O)c2c(O)cccc2C(=O)O)c(O)c1)c1ccc(O)cc1
CHEMBL281957,12.82159,CCN(CC)CC=Cc1[nH]c(=O)c2c(ccc3nc(Nc4c(Cl)cccc4Cl)n(C)c32)c1C
CHEMBL162903,12.812309,N#CC1=C(c2c(-c3cc4ccccc4s3)n(CCCN)c3ccccc23)C(=O)NC1=O
CHEMBL2204532,12.810469,CN(c1ccc(F)c(NC(=O)c2cccc(OC(C)(C)C#N)c2Cl)c1)c1ccc2nc(NC(=O)C3CC3)sc2n1
CHEMBL132348,12.797601,COC1C(N(C)CC(=O)O)CC2OC1(C)n1c3ccccc3c3c4c(c5c6ccccc6n2c5c31)C(=O)NC4
CHEMBL386661,12.78962,CNc1ncc2cc(-c3cc(C(=O)Nc4cc(C(F)(F)F)ccc4OC4CCN(C)CC4)ccc3C)ccc2n1
CHEMBL533849,12.764173,COc1cc2c(Nc3ccc(Br)cc3F)ncnc2cc1OCC1CCN(C)CC1.Cl
CHEMBL113185,12.753587,COc1cc(Nc2nccc(-c3ccc(NCCN)nc3)n2)cc(OC)c1OC
CHEMBL436718,12.752423,NC(N)=NCCCC(NC(=O)C(CCCN=C(N)N)NC(=O)C(CCCN=C(N)N)NC(=O)C(CCCN=C(N)N)NC(=O)C(CCCN=C(N)N)NC(=O)C(CCCN=C(N)N)NC(=O)C(CO)NC(=O)CCNCCNS(=O)(=O)c1cccc2cnccc12)C(=O)O
CHEMBL160030,12.743176,N=C(N)SCCCn1cc(C2=CC(=O)NC2=O)c2ccccc21
CHEMBL1968459,12.7416935,CCCCNc1cc(-c2c[nH]c3ncccc23)ncn1
CHEMBL351859,12.741671,CC1(C)CCC(C)(C)c2cc(-c3c(C4=CC(=O)NC4=O)c4ccccc4n3CCCSC(=N)N)ccc21
CHEMBL147986,12.733623,O=C1NC(=O)c2c1c1c3ccccc3n3c1c1c2c2ccccc2n1C1CCCC3N1
CHEMBL365598,12.730573,O=C(NC1CNCCCC1OC(=O)c1ccc(C(=O)c2c(O)cccc2C(=O)O)cc1)c1ccc(O)cc1
CHEMBL2002346,12.727445,c1ccc(CNc2cc(-c3c[nH]c4ncccc34)ncn2)cc1
CHEMBL386637,12.717471,CN(C)C1CCCN(c2ccc(C(F)(F)F)cc2NC(=O)c2cc(C#Cc3cnc(N)nc3)ccc2F)C1
CHEMBL1802358,12.716994,O=C1N=C(Nc2ccccc2)NC1=Cc1ccc2c(c1)OCO2
CHEMBL337035,12.714463,CNC(=S)N(C)C1CC2OC(C)(C1OC)n1c3ccccc3c3c4c(c5c6ccccc6n2c5c31)C(=O)NC4
CHEMBL188502,12.7105055,Clc1cccc(Nc2cncc(-c3cncc(NCCCc4cccnc4)c3)n2)c1
CHEMBL177688,12.701861,OCCCNc1cncc(-c2cncc(Nc3cccc(Cl)c3)n2)c1
CHEMBL410295,12.695728,Cc1cccc(C)c1-n1c(=O)c2cnc(Nc3ccc(N4CCN(C)CC4)cc3)nc2n2c3ccccc3nc12
CHEMBL338935,12.679908,COC1C(N(C)C(=O)CN)CC2OC1(C)n1c3ccccc3c3c4c(c5c6ccccc6n2c5c31)C(=O)NC4
CHEMBL95825,12.672042,O=C(CCn1c2ccccc2c2c3c(c4c5ccccc5[nH]c4c21)C(=O)NC3)NCCN1CCCCC1
CHEMBL477817,12.659827,Cc1c(Nc2c(C#N)cnc3sc(C=CC(=O)N4CCCC4)cc23)ccc2[nH]ccc12
CHEMBL47940,12.644036,Nc1ncnc2c1c(-c1ccc(Oc3ccccc3)cc1)cn2C1CCCC1
CHEMBL188386,12.630761,OCCCCNc1cncc(-c2cncc(Nc3cccc(Cl)c3)n2)c1
CHEMBL1972290,12.627709,NCCNc1cc(-c2c[nH]c3ncccc23)cc(Cl)n1
CHEMBL365318,12.624883,CONC(=O)c1cc(Nc2ncnn3cc(-c4nnc(C)o4)c(C(C)C)c23)c(F)cc1F
CHEMBL1987261,12.622085,CC(C)(CN)CNc1cc(-c2c[nH]c3ncccc23)cc(F)n1
CHEMBL1243200,12.6162405,CNc1nccc(-c2cccnc2Oc2ccc(NC(=O)c3ccccc3Nc3ccccc3)cc2)n1
CHEMBL337027,12.60255,COC1C(N(C)C(=O)CCC(=O)O)CC2OC1(C)n1c3ccccc3c3c4c(c5c6ccccc6n2c5c31)C(=O)NC4
CHEMBL318272,12.598203,O=C(CCn1c2ccccc2c2c3c(c4c5ccccc5[nH]c4c21)C(=O)NC3)NCCN1CCOCC1
CHEMBL1516890,12.591979,Cn1cc(C=C2C(=O)Nc3cccnc32)c2ccccc21
CHEMBL460702,12.590866,CCOc1ccn(-c2ccc(F)cc2)c(=O)c1C(=O)Nc1ccc(Oc2ccnc(N)c2Cl)c(F)c1
CHEMBL1087397,12.580026,CN(C)Cc1ccc(-c2cnn3c(-c4cccc(NC(=O)c5cccc(C(F)(F)F)c5)c4)ccnc23)cc1
CHEMBL1983589,12.561197,NC1CCC(Nc2cc(Cl)nc(-c3c[nH]c4ncccc34)n2)CC1
CHEMBL1966040,12.547352,FC(F)(F)c1cccc(CNc2cc(-c3c[nH]c4ncccc34)ncn2)c1
CHEMBL131020,12.535377,COC1C(N(C)S(C)(=O)=O)CC2OC1(C)n1c3ccccc3c3c4c(c5c6ccccc6n2c5c31)C(=O)NC4
CHEMBL189338,12.523237,Cc1cccc(Cl)c1Nc1nc2ccc(N3CCNC(C)C3)nc2n2cncc12
CHEMBL242237,12.51575,NC(=O)c1ccccc1Nc1ccnc(Nc2cccc(O)c2)n1
CHEMBL357490,12.50519,O=C1NCc2c1c1c(c3[nH]c4ccccc4c23)Cc2ccccc2-1
CHEMBL338956,12.504677,COC1C(N(C)C(=O)c2ccccc2)CC2OC1(C)n1c3ccccc3c3c4c(c5c6ccccc6n2c5c31)C(=O)NC4O
CHEMBL1968930,12.504532,CC(C)(CN)CNc1nc(Cl)cc(-c2c[nH]c3ncccc23)n1
CHEMBL504075,12.504497,Cc1cccc(C(=O)Nc2cccc(C(C)Nc3cncc(Cl)n3)c2)c1
CHEMBL129946,12.504306,CCN(C)C1CC2OC(C)(C1OC)n1c3ccccc3c3c4c(c5c6ccccc6n2c5c31)C(=O)NC4
CHEMBL431432,12.502156,CN1CCCC1CCNC(=O)CCn1c2ccccc2c2c3c(c4c5ccccc5[nH]c4c21)C(=O)NC3
CHEMBL1993424,12.496474,NS(=O)(=O)c1cccc(Nc2ncc3ccn(Cc4ccccc4)c3n2)c1
CHEMBL408982,12.4954195,CCN1C(=CC(C)=O)Sc2ccc(OC)cc21
CHEMBL523586,12.494164,NCC(Cc1cccc(F)c1)NC(=O)c1cc(Br)c(-c2ccnc3[nH]ccc23)s1
CHEMBL146564,12.488919,O=C1NC(=O)c2c1c1c3ccccc3n3c1c1c2c2ccccc2n1C1COCC3N1
CHEMBL23254,12.48651,CC(C)C(CO)Nc1nc(Nc2ccc(C(=O)O)c(Cl)c2)c2ncn(C(C)C)c2n1
CHEMBL459729,12.486395,Cc1cc(C2CCN(CCCF)CC2)cc2c1NC(=C1C(=O)N=CC=C1NCCn1cc(Cl)cn1)N2
CHEMBL374581,12.48048,O=C1NCc2c3c(c4[nH]c5ccccc5c4c21)CCc1ccccc1-3
CHEMBL1998432,12.479266,NC1CCCC(Nc2nc(Cl)cc(-c3c[nH]c4ncccc34)n2)C1
CHEMBL335931,12.475596,COC1C(N(C)C(=O)CNC(=O)OC(C)(C)C)CC2OC1(C)n1c3ccccc3c3c4c(c5c6ccccc6n2c5c31)C(=O)NC4
CHEMBL1977681,12.474379,CNC(=O)c1cc2c(-c3ccccc3F)[nH]nc2s1
CHEMBL338155,12.459571,CNC1CC2OC(C)(C1OC)n1c3ccccc3c3c4c(c5c6ccccc6n2c5c31)C(O)NC4=O
CHEMBL339799,12.459571,CNC1CC2OC(C)(C1OC)n1c3ccccc3c3c4c(c5c6ccccc6n2c5c31)C(=O)NC4O
CHEMBL280069,12.45917,COc1cc2cc(-c3ccncc3)cnc2cc1OC
CHEMBL583187,12.458333,O=c1nc(CN2CCC(O)C2)[nH]c2c1sc1ccc(-c3ccc(O)cc3)cc12
CHEMBL95539,12.451575,COC(=O)c1cc(NC(=O)CCn2c3ccccc3c3c4c(c5c6ccccc6[nH]c5c32)C(=O)NC4)cn1C
CHEMBL2005216,12.447765,CS(=O)(=O)NC1CCC(Nc2cc(Cl)nc(-c3c[nH]c4ncccc34)n2)CC1
CHEMBL386276,12.444118,O=C(OC1Cc2c(O)cc(O)c(C3c4c(O)cc(O)c(C5c6c(O)cc(O)cc6OC(c6ccc(O)c(O)c6)C5OC(=O)c5cc(O)c(O)c(O)c5)c4OC(c4ccc(O)c(O)c4)C3OC(=O)c3cc(O)c(O)c(O)c3)c2OC1c1ccc(O)c(O)c1)c1cc(O)c(O)c(O)c1
CHEMBL445162,12.442408,CS(=O)(=O)c1cccc(Nc2nccc(Nc3c(Cl)ccc4c3OCO4)n2)c1
CHEMBL444337,12.43439,COC(=O)CN(C)C1CC2OC(C)(C1OC)n1c3ccccc3c3c4c(c5c6ccccc6n2c5c31)C(=O)NC4
CHEMBL221536,12.429107,O=C1NCc2c1c1c3ccccc3sc1c1[nH]c3ccccc3c21
CHEMBL319068,12.426303,CN(C)CCCNC(=O)CCn1c2ccccc2c2c3c(c4c5ccccc5[nH]c4c21)C(=O)NC3
CHEMBL97117,12.42587,COC(=O)c1cc(C(=O)c2cc(NC(=O)CCn3c4ccccc4c4c5c(c6c7ccccc7[nH]c6c43)C(=O)NC5)cn2C)cn1C
CHEMBL329958,12.42587,COC(=O)c1cc(C(=O)c2cc(C(=O)c3cc(NC(=O)CCn4c5ccccc5c5c6c(c7c8ccccc8[nH]c7c54)C(=O)NC6)cn3C)cn2C)cn1C
CHEMBL2005718,12.423949,CS(=O)(=O)NCCNc1cc(-c2c[nH]c3ncccc23)cc(Cl)n1
CHEMBL1985723,12.419534,CC(C)(CN)CNc1cc(-c2c[nH]c3ncccc23)cc(Cl)n1
CHEMBL7463,12.414043,CN(C)CCCn1cc(C2=C(c3c[nH]c4ccccc34)C(=O)NC2=O)c2ccccc21
CHEMBL2003229,12.408771,CN(C)c1cc(-c2ccncc2)cc2[nH]nc(N)c12
CHEMBL131426,12.407945,COC1C(N(C)CCC#N)CC2OC1(C)n1c3ccccc3c3c4c(c5c6ccccc6n2c5c31)C(=O)NC4
CHEMBL1987448,12.4046335,Nc1cc(-c2c[nH]c3ncccc23)cc(Cl)n1
CHEMBL327300,12.403166,COc1ccc(Oc2ccnc3cc(OC)c(OC)cc23)cc1OC
CHEMBL2338333,12.396796,CN1CC(=Cc2ccccn2)C(=O)C(=Cc2ccccn2)C1
CHEMBL335012,12.392432,COC1C(N(C)C(=O)c2cccnc2)CC2OC1(C)n1c3ccccc3c3c4c(c5c6ccccc6n2c5c31)C(=O)NC4
CHEMBL194498,12.391929,CONC(=O)c1cc(Nc2ncnn3cc(-c4nnc(C(F)F)o4)c(C(C)C)c23)c(F)cc1F
CHEMBL1972339,12.380883,Cc1[nH]nc2ccc(-c3nnn(Cc4ccccc4)c3-c3ccc(F)cc3)cc12
CHEMBL199383,12.3745575,COc1ccc(CNC(=O)c2cc3c(-c4ccccc4)[nH]nc3s2)cc1
CHEMBL335718,12.368493,CCCCC(O)CN(C)C1CC2OC(C)(C1OC)n1c3ccccc3c3c4c(c5c6ccccc6n2c5c31)C(=O)NC4
CHEMBL1997764,12.360679,COc1ccc(C(=O)Nc2cnc3[nH]cc(-c4ccccc4)c3c2)cc1
CHEMBL97822,12.360492,O=C(CCn1c2ccccc2c2c3c(c4c5ccccc5[nH]c4c21)C(=O)NC3)NCC1CCOC1
CHEMBL337297,12.358331,COC1C(N(C)C(=O)c2cnccn2)CC2OC1(C)n1c3ccccc3c3c4c(c5c6ccccc6n2c5c31)C(=O)NC4
CHEMBL1987007,12.3445635,CN1CCC(NC(=O)c2cc3c(-c4ccccc4)[nH]nc3s2)CC1
CHEMBL130163,12.344126,COC1C(N(C)C(C)=O)CC2OC1(C)n1c3ccccc3c3c4c(c5c6ccccc6n2c5c31)C(=O)NC4
CHEMBL261720,12.342056,Nc1nc(Nc2ccc(S(N)(=O)=O)cc2)nn1C(=S)Nc1c(F)cccc1F
CHEMBL1982400,12.339455,c1ccc(Cn2cc(-c3ccc4[nH]nc(-c5ccccc5)c4c3)nn2)cc1
CHEMBL213618,12.32216,CNc1nccc(-c2ccc(C(=O)NC(CN)Cc3ccc(Cl)cc3Cl)s2)n1
CHEMBL2002613,12.320828,COc1cc(OC)cc(C(=O)Nc2n[nH]c3ccc(-c4cn(Cc5ccccc5)nn4)cc23)c1
CHEMBL243298,12.315434,O=C(O)c1ccccc1Nc1ccnc(Nc2cccc(F)c2)n1
CHEMBL434415,12.314021,COC1C(N(C)c2ccccc2)CC2OC1(C)n1c3ccccc3c3c4c(c5c6ccccc6n2c5c31)C(=O)NC4
CHEMBL460746,12.3109045,O=C1C=CC(NC(=S)NC(=O)c2ccc([N+](=O)[O-])cc2)=CC1=C1Nc2ccccc2S1
CHEMBL1998829,12.310125,O=C(Nc1cnc2[nH]cc(-c3ccccc3)c2c1)c1ccc(Cl)cc1
CHEMBL1966204,12.309045,O=C(Nc1n[nH]c2ccc(-c3cn(Cc4ccccc4)nn3)cc12)c1ccc(F)cc1
CHEMBL39504,12.306692,O=C(OC1Cc2c(O)cc(O)c(C3c4c(O)cc(O)cc4OC(c4ccc(O)c(O)c4)C3OC(=O)c3cc(O)c(O)c(O)c3)c2OC1c1ccc(O)c(O)c1)c1cc(O)c(O)c(O)c1
CHEMBL131193,12.303178,COC1C(N(C)Cc2ccccc2)CC2OC1(C)n1c3ccccc3c3c4c(c5c6ccccc6n2c5c31)C(=O)NC4
CHEMBL435809,12.301648,COC1C(N(C)C(=O)c2ccc(C(=O)O)cc2)CC2OC1(C)n1c3ccccc3c3c4c(c5c6ccccc6n2c5c31)C(=O)NC4
CHEMBL1682554,12.296765,CCCCNc1c(-c2ccc3[nH]ncc3c2)nc2ncccn12
CHEMBL130049,12.293376,COC(=O)N(C)C1CC2OC(C)(C1OC)n1c3ccccc3c3c4c(c5c6ccccc6n2c5c31)C(=O)NC4
CHEMBL2208034,12.292923,O=C(Nc1ccc(-c2ccnc(Nc3ccc(N4CCOCC4)cc3)n2)cc1)C1CCCN1
CHEMBL342767,12.292687,CN1C2CCCC1n1c3ccccc3c3c4c(c5c6ccccc6n2c5c31)C(=O)NC4=O
CHEMBL148471,12.291674,O=C1NCc2c3c(c4[nH]c5ccccc5c4c21)Cc1ccccc1-3
CHEMBL1992363,12.284042,CN(C)c1ccc(C(=O)Nc2n[nH]c3ccc(-c4cn(Cc5ccccc5)nn4)cc23)cc1
CHEMBL1086736,12.27867,COc1ccncc1C1=C(NNc2ccccc2)C(=O)N=N1
CHEMBL1080902,12.272046,COc1ccc(C2=C(NNc3cccc(OC)c3)C(=O)N=N2)cc1
CHEMBL2007421,12.268275,CC(C)Oc1cc(Nc2nc(NC(C)c3ccc(F)cn3)ncc2Cl)[nH]n1
CHEMBL1972346,12.2673,Oc1cc(O)cc(C=Cc2ccc(O)c(O)c2)c1
CHEMBL1987073,12.266567,O=C(Nc1n[nH]c2ccc(-c3cn(Cc4ccccc4)nn3)cc12)c1ccc(Cl)cc1
CHEMBL131590,12.261043,COC1C(N(C)C(=O)c2ccccc2Cl)CC2OC1(C)n1c3ccccc3c3c4c(c5c6ccccc6n2c5c31)C(=O)NC4
CHEMBL116070,12.255475,NC(=O)c1cc2c(Oc3ccc(Br)cc3)cncc2s1
CHEMBL574646,12.251103,O=C1C(=Cc2ccccn2)CNCC1=Cc1ccccn1
CHEMBL1990162,12.2510805,N#Cc1ccc(C(=O)Nc2n[nH]c3ccc(-c4cn(Cc5ccccc5)nn4)cc23)cc1
CHEMBL1995927,12.250432,CCNc1nc2cc(Cl)c(OC)cc2nc1NCC
CHEMBL2004871,12.247623,OCCCn1cnc(-c2ccc(F)cc2)c1-c1ccncc1
CHEMBL1980435,12.247483,COc1cccc(C(=O)Nc2n[nH]c3ccc(-c4cn(Cc5ccccc5)nn4)cc23)c1
CHEMBL1997872,12.246177,O=C(c1cccc(-c2cnc3[nH]ccc3c2)c1)N1CCOCC1
CHEMBL210390,12.245695,Nc1cc2cc(-c3cncc(OCC(N)Cc4c[nH]c5ccccc45)c3)ccc2cn1
CHEMBL199755,12.238378,O=C(NC1CCCCC1)c1cc2c(-c3ccccc3)[nH]nc2s1
CHEMBL335932,12.237731,COC1C(N(C)C(=O)C(F)(F)F)CC2OC1(C)n1c3ccccc3c3c4c(c5c6ccccc6n2c5c31)C(=O)NC4
CHEMBL132169,12.231941,COc1ccc(C(=O)N(C)C2CC3OC(C)(C2OC)n2c4ccccc4c4c5c(c6c7ccccc7n3c6c42)C(=O)NC5)cc1
CHEMBL131577,12.230813,Cc1cccc(Cl)c1NC(=O)c1cnc(NC(=O)C2CC2)s1
CHEMBL193697,12.2302,O=C(NC1CNCCCC1OC(=O)c1cc(O)c(C(=O)c2ccccc2C(=O)O)c(O)c1)c1ccc(O)cc1
CHEMBL2004544,12.225987,O=S(=O)(O)c1ccc(NCc2ccc3c(c2)OCO3)c2c(O)cccc12
CHEMBL1982753,12.22365,NC(=O)c1ccc(NC2CCCCC2N)nc1Nc1cccc(Cl)c1
CHEMBL2002373,12.223203,OCCCn1cnc(-c2ccccc2)c1-c1ccncc1
CHEMBL1999556,12.220878,NC(=O)c1cc2c(-c3ccccc3)cncc2s1
CHEMBL112263,12.218406,COc1cc(Nc2nccc(-c3cccnc3)n2)cc(OC)c1OC
CHEMBL421947,12.218124,CN1C2CCC1n1c3ccccc3c3c4c(c5c6ccccc6n2c5c31)C(=O)NC4=O
CHEMBL130208,12.212406,COC1C(N(C)C(=O)c2cccc([N+](=O)[O-])c2)CC2OC1(C)n1c3ccccc3c3c4c(c5c6ccccc6n2c5c31)C(=O)NC4
CHEMBL1270795,12.205252,CSc1cn2c(-c3cn[nH]c3)cnc2c(Nc2cc(C)ns2)n1
CHEMBL339364,12.204928,COC1C(N(C)C(=O)C2CCCCC2)CC2OC1(C)n1c3ccccc3c3c4c(c5c6ccccc6n2c5c31)C(=O)NC4
CHEMBL357602,12.203298,O=C1NC(=O)c2c1c1c3ccccc3n3c1c1c2c2ccccc2n1C1CCC3N1
CHEMBL1979718,12.197615,Cc1c(C)n(Cc2ccccc2)c2ccc(C(=O)Nc3ncn[nH]3)cc12
CHEMBL265315,12.193551,NC(N)=NCCCC(CCl)NC(=O)C1CCCN1C(=O)C(N)Cc1ccccc1
CHEMBL322066,12.19263,COc1cc(Nc2nccc(-c3ccc(N4CCNCC4)nc3)n2)cc(OC)c1OC
CHEMBL1980253,12.187267,Clc1cc(-c2c[nH]c3ncccc23)nc(NC2CCOCC2)n1
CHEMBL2004072,12.182458,COC(=O)c1cc2c(-c3cccc(F)c3)cncc2s1
CHEMBL1076721,12.166511,COc1ccc(C2=C(NNc3cccnc3)C(=O)N=N2)cc1
CHEMBL1982271,12.164441,CN(C)CC(=O)NC1CCC(Nc2nc(Cl)cc(-c3c[nH]c4ncccc34)n2)CC1
CHEMBL1983595,12.164336,O=C(Nc1n[nH]c2ccc(-c3cn(Cc4ccccc4)nn3)cc12)c1cccc(Cl)c1
CHEMBL131715,12.162227,COC1C(N(C)C(=O)c2ccc(Cl)cc2)CC2OC1(C)n1c3ccccc3c3c4c(c5c6ccccc6n2c5c31)C(=O)NC4
CHEMBL1995592,12.162044,Cc1cc(O)ccc1-n1c2cc(Cl)ccc2c(=O)c2c(N)nc(N)nc21
CHEMBL2171124,12.1603985,Cn1cc(-c2ccc3c(c2)CCN3C(=O)Cc2cccc(C(F)(F)F)c2)c2c(N)ncnc21
CHEMBL1933288,12.159321,CC1CCNC(=O)c2cc3ccc(C(=O)Nc4nc5ccccc5n4CCCN(C)C)cc3n21
CHEMBL350143,12.15315,CC(=O)C1=C(c2c(-c3cc4ccccc4s3)n(CCCSC(=N)N)c3ccccc23)C(=O)NC1=O
CHEMBL338449,12.15302,COC1C(N(C)C(=O)OC(C)(C)C)CC2OC1(C)n1c3ccccc3c3c4c(c5c6ccccc6n2c5c31)C(=O)NC4
CHEMBL398951,12.150105,N#Cc1ccc(-c2n[nH]c3c2Cc2ccc(OCCCCN4CCOCC4)cc2-3)cn1
CHEMBL1994438,12.148635,NC1CCCCC1Nc1nc(Cl)cc(-c2c[nH]c3ncccc23)n1
CHEMBL44545,12.146913,Nc1nccc(-c2c[nH]c3cc(Br)cc(O)c23)n1
CHEMBL1998953,12.145513,c1ccc(-c2c[nH]c3ncnc(N4CCCCC4)c23)cc1
CHEMBL1988173,12.144286,Cc1cc(Cl)ccc1NC(=S)NNC(=O)C(O)(c1ccccc1)c1ccccc1
CHEMBL104466,12.144002,COc1cc2ncc(NC3CCC(O)CC3)nc2cc1OC
CHEMBL1080994,12.143713,Cc1c(Nc2c(C#N)cncc2C=Cc2cccc(S(=O)(=O)N3CCN(C)CC3)c2)ccc2[nH]ccc12
CHEMBL1998414,12.139237,Cc1[nH]nc2sc(C(=O)NCCc3ccc(Cl)cc3)cc12
CHEMBL190984,12.13824,CN(C)CCNc1cncc(-c2cncc(Nc3cccc(Cl)c3)n2)c1
CHEMBL231568,12.137309,CNC(=O)c1cc(Oc2ccc3oc(Nc4ccc(Cl)c(OCC5CCCN5C)c4)nc3c2)ccn1
CHEMBL1682358,12.137026,Nc1n[nH]c2ccc(-c3cc(Cc4ccccc4)no3)cc12
CHEMBL1977128,12.136161,N#Cc1cccc(C(=O)Nc2n[nH]c3ccc(-c4cn(Cc5ccccc5)nn4)cc23)c1
CHEMBL338944,12.134957,COC1C(N(C)C(=O)c2cccc(Cl)c2)CC2OC1(C)n1c3ccccc3c3c4c(c5c6ccccc6n2c5c31)C(=O)NC4
CHEMBL423731,12.133977,COC1C(O)CC2OC1(C)n1c3ccccc3c3c4c(c5c6ccccc6n2c5c31)C(=O)NC4
CHEMBL201307,12.1313505,COc1cc2c(Nc3ncc(CC(=O)Nc4cccc(F)c4)s3)ncnc2cc1OCCCN1CCC(CO)CC1
CHEMBL1964777,12.129945,NC(=O)c1cc2c(Oc3cccc(F)c3)cncc2s1
CHEMBL381207,12.129485,Cc1sc2ncnc(N)c2c1-c1ccc(NC(=O)Nc2cc(C(F)(F)F)ccc2F)cc1
CHEMBL1980562,12.124497,CS(=O)(=O)NC1CCC(Nc2nc(Cl)cc(-c3c[nH]c4ncccc34)n2)CC1
CHEMBL1254007,12.1239,Cn1ccc2ncnc(Oc3ccc(NC(=O)Nc4cccc(C(F)(F)F)c4)c(F)c3)c21
CHEMBL2003682,12.122857,O=c1cc(-c2ccncc2)[nH]c(NCc2cc(F)cc(F)c2)n1
CHEMBL336192,12.119781,COC(=O)c1ccc(C(=O)N(C)C2CC3OC(C)(C2OC)n2c4ccccc4c4c5c(c6c7ccccc7n3c6c42)C(=O)NC5)cc1
CHEMBL1994864,12.11898,Cc1ccc(CNc2c(Nc3ccncc3)c(=O)c2=O)cc1
CHEMBL1974457,12.118831,O=C(O)c1cc2c(-c3cccc(F)c3)cncc2s1
CHEMBL1986666,12.1067,O=C(O)c1ccccc1Nc1ncnc(Nc2ccc3cn[nH]c3c2)n1
CHEMBL1991410,12.105393,O=C(Nc1cc(-c2c[nH]c3ncccc23)cc(Cl)n1)c1c(F)cccc1F
CHEMBL1996390,12.101125,O=C(O)c1cc2c(-c3ccccc3)cncc2s1
CHEMBL1989518,12.099991,NCCOc1cncc(C=Cc2ccncc2)c1
CHEMBL1984788,12.097021,NC(=O)c1cc(Cl)cc2[nH]c(-c3ccc(C4CCCNC4)cc3F)nc12
CHEMBL284436,12.09452,NC(N)=NCCCC(CCl)NC(=O)C1CCN2CCC(N)(Cc3ccccc3)CN12
CHEMBL1965131,12.090607,Cc1ccc(C(=O)Nc2c(C(N)=O)sc3ccc(Cl)c(Cl)c23)cc1
CHEMBL1987745,12.090404,O=C1Nc2ccccc2Nc2cc(-c3ccncc3Cl)ccc21
CHEMBL2206666,12.0874605,O=C(Nc1cccc(Oc2ccc3nccn3n2)c1)c1cccc(C(F)(F)F)c1
CHEMBL16958,12.0844555,O=C1NCc2c1c1c3ccccc3[nH]c1c1[nH]c3ccccc3c21
CHEMBL1986603,12.083298,Cc1cc(NC(=O)CCNC(=O)Nc2nc(C)c(-c3ccc(-n4cccn4)cc3)s2)no1
CHEMBL294653,12.083152,CNC1CC2OC(C)(C1OC)n1c3ccccc3c3c4c(c5c6ccccc6n2c5c31)C(=O)OC4
CHEMBL2006276,12.083142,COc1cccc2c1Nc1cc(Nc3ccncc3)ccc1C(=O)N2
CHEMBL1998435,12.08301,OCCNc1cc2cc(-c3ccncc3)ccc2cn1
CHEMBL199528,12.078669,CCCCN(C)C(=O)c1cc2c(-c3ccccc3)[nH]nc2s1
CHEMBL2006237,12.078115,CN1CCN(CCCNc2cccc(-c3nc4c(C(N)=O)cccc4[nH]3)n2)CC1
CHEMBL1992073,12.077081,CCC1CC(NS(=O)(=O)C2CC2)CC1c1ncc2cnc3[nH]ccc3n12
CHEMBL127898,12.076648,Cn1cncc1C(OCc1c(-c2ccc(OC(F)(F)F)cc2)cc(C#N)c(=O)n1C)c1ccc(C#N)cc1
CHEMBL1986186,12.076008,CC(Nc1c(Nc2ccncc2)c(=O)c1=O)C(C)(C)C
CHEMBL1996931,12.072009,O=C(NC(CO)Cc1ccc(Cl)cc1)c1ccc(-c2ccncc2)cc1
CHEMBL197923,12.0704,O=C(NCCc1ccccc1)c1cc2c(-c3ccccc3)[nH]nc2s1
CHEMBL1381197,12.069895,Clc1ccc(CNc2ccc3nnc(-c4ccccc4)n3n2)cc1
CHEMBL1969755,12.0698805,O=C(NC(CO)Cc1ccccc1)c1ccc(-c2ccncc2)cc1F
CHEMBL1970735,12.066787,CCCOc1nc(NC(C)=O)cc(N)c1C#N
CHEMBL1965351,12.065047,Cc1cccc(C=NNc2cc(N3CCOCC3)nc(OCCc3ccccn3)n2)c1
CHEMBL578061,12.054894,c1ccc(Nc2ccnc(Nc3ccccc3)n2)cc1
CHEMBL1974574,12.052572,Nc1ccc2c(C(=O)O)n(-c3ccccc3)nc2c1
CHEMBL1983449,12.050906,Cc1ccc(CNc2c(Nc3ccncc3)c(=O)c2=O)cc1C
CHEMBL1964644,12.048695,O=C(NCc1ccccc1)Nc1ncc([N+](=O)[O-])s1
CHEMBL1971606,12.045857,CCCOc1cccc(C(C)NC(=O)c2ccc(-c3ccncc3F)cc2)c1
CHEMBL1991434,12.043782,COc1ccc(C=C2C(=O)ON=C2c2ccc(Br)cc2)cc1OC
CHEMBL1987948,12.043576,CS(=O)(=O)NC1CCCC(Nc2nc(Cl)cc(-c3c[nH]c4ncccc34)n2)C1
CHEMBL2003420,12.0345545,O=C(NCCCCCCNC(=O)NCc1cccnc1)NCc1cccnc1
CHEMBL335020,12.032584,COC1C(N(C)C(=O)c2ccccc2)CC2OC1(C)n1c3ccccc3c3c4c(c5c6ccccc6n2c5c31)C(=O)NC4=O
CHEMBL1973860,12.031179,OCCNc1cc2cc(-c3ccsc3)ccc2cn1
CHEMBL2002322,12.027211,NC(=O)c1cc2c(-c3cc(C(F)(F)F)cc(C(F)(F)F)c3)cncc2s1
CHEMBL407914,12.025212,O=C1OCC2OC(=O)c3cc(O)c(O)c(O)c3-c3c(O)c(O)c(O)c4c3C(=O)OC(C2OC(=O)c2cc(O)c(O)c(O)c2-c2c1cc(O)c(O)c2O)C1OC(=O)C2C4=C(O)C(=O)C23Oc2cc(O)c4c(c2C13)OC(c1ccc(O)c(O)c1)C(O)C4
CHEMBL2004631,12.022014,Nc1n[nH]c2ccc(-c3nnn(Cc4ccccc4)c3C3CC3)cc12
CHEMBL1682359,12.021743,CCCc1cc(-c2ccc3[nH]ncc3c2)on1
CHEMBL1682545,12.020127,c1ccc(Nc2nc(-c3ccc4[nH]ncc4c3)cs2)cc1
CHEMBL1975121,12.016706,COc1cccc(C(C)NC(=O)c2ccc(-c3ccncc3)cc2)c1
CHEMBL460989,12.014777,COc1ccc2c(c1)CCc1c-2c2c(c3c4ccccc4n(CCO)c13)CNC2=O
CHEMBL1972119,12.01399,O=C(Nc1cccc(N2CCOCC2)n1)Nc1ccnc2c(C(F)(F)F)cccc12
CHEMBL299763,12.008616,COc1cc(OC)cc(-c2cc3cnc(N)nc3nc2NC(=O)NC(C)(C)C)c1
CHEMBL387385,12.008336,O=C(NC(CO)c1ccc(F)c(Cl)c1)C1=CC(=C2NNC=C2c2cccc(Cl)c2)C=N1
CHEMBL1990635,12.007395,CC1CCCN1CCc1cc2cc(-c3ccc(OC(F)(F)F)cc3)ccc2[nH]1
CHEMBL1966722,12.003682,O=C(NNC(=S)Nc1ccc(Cl)cc1)C(O)(c1ccccc1)c1ccccc1
CHEMBL461140,12.000547,CN(C)CCOc1ccc(C=Cc2cc(-c3cc4c(=O)nc[nH]c4[nH]3)ccn2)cc1
CHEMBL1236126,11.999504,CC(C)(C)C(=O)Oc1ccc2c(c1)nc(NC(=O)c1cccc([N+](=O)[O-])c1)n2CCCO
CHEMBL1996155,11.998008,CN1CCC1COc1cncc(CCc2ccncc2)c1
CHEMBL1977346,11.997761,O=C1Nc2ccccc2Nc2nnc(I)cc21
CHEMBL1982506,11.996108,COc1cc2cnc3c(c2cc1OC)C(=O)NC3=O
CHEMBL1991577,11.993283,CC(Nc1c(Nc2ccncc2)c(=O)c1=O)C1CCCCC1
CHEMBL1991846,11.99216,NC(COc1cncc(C=Cc2ccncc2)c1)Cc1ccccc1
CHEMBL301018,11.989709,COc1cc2ncnc(Nc3ccc(F)c(Cl)c3)c2cc1OC
CHEMBL2005186,11.989256,CC(C)NC(=O)COc1cccc(-c2nc(Nc3ccc4[nH]ncc4c3)c3ccccc3n2)c1
CHEMBL1972258,11.988141,NCCCOc1cncc(C=Cc2ccncc2)c1
CHEMBL1972568,11.982593,COc1cncc(C=Cc2ccncc2)c1
CHEMBL1682360,11.982518,c1cc2[nH]ncc2cc1-c1cc(CN2CCCCC2)no1
CHEMBL358130,11.977504,COCC1CC(COC)C2NC1n1c3ccccc3c3c4c(c5c6ccccc6n2c5c31)C(=O)NC4=O
CHEMBL26501,11.976753,CN(C)CC1CCn2c(c(C3=C(c4cn(C)c5ccccc45)C(=O)NC3=O)c3ccccc32)C1
CHEMBL1982541,11.975076,COc1ccc(OC)c(CNC(=O)c2cc(N)c(C#N)c(OC(C)C)n2)c1
CHEMBL413375,11.973792,O=C(OCC1OC(OC(=O)c2cc(O)c(O)c(O)c2)C(OC(=O)c2cc(O)c(O)c(O)c2)C(OC(=O)c2cc(O)c(O)c(O)c2)C1OC(=O)c1cc(O)c(O)c(O)c1Oc1cc2c(c(O)c1O)-c1c(cc(O)c(O)c1O)C(=O)OCC1OC(OC(=O)c3cc(O)c(O)c(O)c3)C(OC(=O)c3cc(O)c(O)c(O)c3)C(OC(=O)c3cc(O)c(O)c(O)c3)C1OC2=O)c1cc(O)c(O)c(O)c1
CHEMBL2006481,11.970194,O=C(c1cc(-c2ccc3[nH]ncc3c2)on1)N1CCCCC1
CHEMBL1990415,11.970049,O=C(Nc1n[nH]c2nc3ccccc3cc12)c1ccncc1
CHEMBL351282,11.966619,COC(=O)CCNCCNS(=O)(=O)c1cccc2cnccc12
CHEMBL2003768,11.964589,COc1ccc(CNc2c(Nc3ccncc3)c(=O)c2=O)c(OC)c1
CHEMBL1934327,11.962985,CN1CCC(COc2ccc3c(Nc4ccc(NC(=O)Nc5cccc(F)c5)cc4)ncnc3c2)CC1
CHEMBL385478,11.962945,c1cnc2[nH]cc(-c3ccnc(NC4CCCCC4)n3)c2c1
CHEMBL1375418,11.962077,Cc1ccc(CNc2ccc3nnc(-c4ccccc4)n3n2)cc1
CHEMBL1982992,11.960971,Oc1cccc(Nc2ncnc3scc(Cl)c23)c1
CHEMBL2004872,11.959388,COc1cccc(C(C)NC(=O)c2ccc(-c3ccncn3)cc2)c1
CHEMBL1980163,11.958262,c1ccc(COc2ccc(Nc3ncnc4ccccc34)cc2)cc1
CHEMBL1970314,11.956809,NC(=O)c1cc(-c2cccc(N)c2)cc2cccnc12
CHEMBL1983309,11.955045,COc1ccc(C(=O)Nc2nc3ccc(Cl)cc3s2)c(OC)c1
CHEMBL2003482,11.954114,O=C(Cc1ccc(Cl)cc1)Nc1n[nH]c2c1CCC2
CHEMBL1975490,11.953956,NCCCOc1cc2c(c(-c3ccc(Nc4nc5ccccc5o4)cc3)c1)CNC2=O
CHEMBL1985309,11.953165,NC(=O)c1cccc2[nH]c(-c3cccc(NCCN4CCCC4)n3)nc12
CHEMBL195903,11.95309,CONC(=O)c1cc(Nc2ncnn3cc(-c4nnc(C(F)(F)S(C)(=O)=O)o4)c(C(C)C)c23)c(F)cc1F
CHEMBL86664,11.952817,Clc1ccc2cc(-c3ccncc3)cnc2c1
CHEMBL1986597,11.951668,NC(=O)c1cccc2[nH]c(-c3ccc(NC(=O)c4cccc(S(=O)(=O)N5CCOCC5)c4)cc3)nc12
CHEMBL1973363,11.948783,COc1cccc(NC(=O)N2CCC(c3nc4c(C(N)=O)cccc4[nH]3)CC2)c1
CHEMBL2003456,11.948152,O=c1[nH]c2cc(-c3ccccc3)cnc2[nH]1
CHEMBL492251,11.944532,COc1ccc(-c2cncc(C#N)c2Nc2ccc3[nH]ccc3c2)cc1OC
CHEMBL2002682,11.943643,Cc1cccc(Cl)c1-c1cccc2c(CCCOc3cccc4ccccc34)c(C(=O)NCCOCCOCCN)[nH]c12
CHEMBL1688215,11.940869,Nc1nccc(-c2ccc3c(N)n[nH]c3c2)n1
CHEMBL1979933,11.93976,O=C(O)c1ccccc1Nc1ncnc(Nc2cccc(F)c2)n1
CHEMBL1972489,11.939744,O=C(Nc1ccc2cn[nH]c2c1)c1ccc(Cl)cc1
CHEMBL27852,11.938651,NC(N)=NCCCC(NC(=O)C1CCC2CCC(N)(Cc3ccccc3)CN21)C(=O)c1nc2ccccc2s1
CHEMBL461139,11.938534,O=c1nc[nH]c2[nH]c(-c3ccnc(C=Cc4ccc(CN5CCOCC5)cc4)c3)cc12
CHEMBL1991640,11.935217,O=c1[nH]sc2c1c(=O)c1cc(F)c(NCc3ccccc3)c(F)c1n2C1CC1
CHEMBL1461728,11.935103,O=C(Nc1ccc2[nH]ncc2c1)c1cccc(F)c1
CHEMBL1975138,11.933086,O=C(NNC(=S)Nc1ccc(F)cc1)C(O)(c1ccccc1)c1ccccc1
CHEMBL1234833,11.933049,CC(C)c1cnn2c(NCc3ccccc3)cc(NC(CO)C(O)CO)nc12
CHEMBL2001477,11.932012,NC(=O)c1ccc(-c2ccncc2)cc1NCc1ccccc1
CHEMBL1971149,11.930476,Cc1nccn2c(-c3ccnc(NCC(C)(C)C(=O)O)n3)c(-c3ccc(F)cc3F)nc12
CHEMBL522785,11.9298315,COc1cc2nc(Nc3cc(C)[nH]n3)nc(Nc3cccc(-c4nc5ccccc5s4)c3)c2cc1OC
CHEMBL1968850,11.924935,O=C1Nc2ccccc2Nc2nnc(Cl)cc21
CHEMBL1977713,11.922444,O=C(NCc1ccc(Cl)cc1)Nc1cccc2[nH]ncc12
CHEMBL1970369,11.920925,NC(=O)C1CCCN(C(=O)c2cc(-c3ccc4[nH]ncc4c3)on2)C1
CHEMBL1973142,11.919008,CC(=O)Nc1c(C(N)=O)sc2ccc(Cl)c(Cl)c12
CHEMBL378963,11.918713,NC(COc1cnc(Cl)c(-c2ccc3cnccc3c2)c1)Cc1c[nH]c2ccccc12
CHEMBL2006580,11.917708,Oc1ccc(Nc2ncnc3scc(Cl)c23)cc1
CHEMBL1976732,11.917317,CC(C)(O)Cc1nnc2ccc(-c3c(-c4ccc(F)cc4F)nc4occn34)nn12
CHEMBL2006456,11.914073,CC(C)CNC1CCC(Nc2nc(Cl)cc(-c3c[nH]c4ncccc34)n2)CC1
CHEMBL1981511,11.913055,Cc1cc(-c2ccc3c(c2)Nc2ccccc2NC3=O)ccn1
CHEMBL2152252,11.9113,CNC(=O)c1nc(-c2ccc(Cl)c(S(=O)(=O)Nc3cccc(F)c3F)c2)cnc1N
CHEMBL2006263,11.905705,Cc1nc2ccc(NS(=O)(=O)c3ccc(N)cc3)cc2nc1C
CHEMBL1991356,11.903902,COc1cccc(-c2cc3c(=O)[nH]c4ccccc4n3c2)c1
CHEMBL1271642,11.903703,NS(=O)(=O)c1ccc(Nc2ncc(-c3ccc(O)c(O)c3)o2)cc1
CHEMBL370266,11.896575,CONC(=O)c1cc(Nc2ncnn3cc(NC(=O)OCC4CCCO4)c(C(C)C)c23)c(F)cc1F
CHEMBL1990821,11.89497,Cc1cc(C)c(C)c(OCCCc2c(C(=O)O)[nH]c3c(-c4ccccc4C)cccc23)c1
CHEMBL1987793,11.894509,Cc1ccccc1-c1c(C(=O)O)n(CCCOc2cccc3ccccc23)c2ccccc12
CHEMBL453336,11.892983,COc1cc(C2=C(c3cn(COCc4ccccc4)c4ccccc34)CNC2=O)cc(OC)c1OC
CHEMBL1966087,11.892715,C(=Cc1cncc(OC2CCNC2)c1)c1ccncc1
CHEMBL1986328,11.892643,CN(C)C(=O)Nc1ccc2nc(-c3ccco3)c(-c3ccco3)nc2c1
CHEMBL112346,11.890676,CCC1CN(c2ccc(-c3ccnc(Nc4cc(OC)c(OC)c(OC)c4)n3)cn2)CCN1
CHEMBL132170,11.8891325,COC1C(N(C)C(=O)c2cc([N+](=O)[O-])cc([N+](=O)[O-])c2)CC2OC1(C)n1c3ccccc3c3c4c(c5c6ccccc6n2c5c31)C(=O)NC4
CHEMBL52387,11.88737,CCC(CO)Nc1nc(NCc2ccccc2)c2ncn(C(C)C)c2n1
CHEMBL451964,11.8870535,FC(F)(F)c1ccc(-c2nnc3ccc(NC4CC4)nn23)cc1
CHEMBL491686,11.886817,Cc1cc(Nc2ccnc(Nc3cccc(-c4nc5ccccc5s4)c3)n2)n[nH]1
CHEMBL488811,11.885276,COc1cc(C2=C(c3cn(COc4ccccc4)c4ccccc34)CNC2=O)cc(OC)c1OC
CHEMBL2001646,11.885245,Cc1ccccc1-c1cccc2c1c(Nc1ccccc1)c(C(=O)O)n2CCCOc1cccc2ccccc12
CHEMBL207544,11.884057,C#Cc1ncc(OCC(N)Cc2c[nH]c3ccccc23)cc1-c1ccc2cnccc2c1
CHEMBL1969506,11.881391,CC(C)(C)OC(=O)n1ncc2cc(Nc3c(NCc4ccc(S(N)(=O)=O)cc4)c(=O)c3=O)ccc21
CHEMBL1982982,11.88132,NC(=O)c1ccc(-c2ccncc2)cc1NCc1cccc(F)c1
CHEMBL1971801,11.880906,O=C1Nc2ccccc2Nc2nnccc21
CHEMBL505637,11.879213,O=C(NCCc1ccc(O)c(Br)c1)C(Cc1cc(Br)c(O)c(-c2cc(CC(=NO)C(=O)NCCc3ccc(O)c(Br)c3)cc(Br)c2O)c1)=NO
CHEMBL560813,11.877277,N#Cc1cnc(NC(=O)Nc2ccc3cc(C(=O)O)ccc3c2)cn1
CHEMBL2007574,11.876488,Nc1nc(Cl)cc(-c2c[nH]c3ncccc23)n1
CHEMBL1971430,11.875108,Cc1cccc(-c2c(-c3ccncc3)nc(NCC(N)Cc3ccccc3)n(C)c2=O)c1
CHEMBL1992645,11.873864,O=C(NS(=O)(=O)c1ccc(NCCSc2ccc(O)cc2)c([N+](=O)[O-])c1)c1ccc(-c2ccc(F)cc2)cc1
CHEMBL213207,11.873606,c1cnc2[nH]cc(-c3ccnc(NCC4CCCCC4)n3)c2c1
CHEMBL1966425,11.871611,CN(C)CCCOc1cc2c(c(-c3ccc(Nc4nc5ccccc5o4)cc3)c1)CNC2=O
CHEMBL1971227,11.86826,O=CN(O)C(CS(=O)(=O)c1ccc(-c2ccc(C(F)(F)F)cc2)cc1)c1ccc(O)cc1
CHEMBL424168,11.86675,COC(=O)CCCCN1CCN(S(=O)(=O)c2cccc3cnccc23)CC1
CHEMBL407558,11.866727,O=C1OC2COC(=O)c3cc(O)c(O)c(O)c3-c3c(O)c(O)c4oc(=O)c5c(c(O)c(O)c6oc(=O)c3c4c65)-c3c(cc(O)c(O)c3O)C(=O)OC2C2OC(=O)c3c(c(O)c(O)c(O)c3-c3c(O)c(O)c(O)c4c3C(=O)OC2C4O)-c2c1cc(O)c(O)c2O
CHEMBL2007372,11.865327,CNc1nccn2c(-c3ccnc(NCC(C)(C)CO)n3)c(-c3ccc(F)cc3)nc12
CHEMBL1989957,11.865319,OCCNc1cc2cc(-c3ccccc3)ccc2cn1
CHEMBL1997025,11.862634,NC(=O)c1cccc2[nH]c(-c3ccc(C4CCCNC4)cc3F)nc12
CHEMBL466496,11.859678,CC(Nc1c(Nc2ccncc2)c(=O)c1=O)c1ccccc1
CHEMBL350084,11.8592615,COC(=O)CCNS(=O)(=O)c1cccc2cnccc12
CHEMBL1989805,11.858809,N#CC1=C(N)n2c(sc(=Cc3ccco3)c2=O)=C(C(N)=O)C1c1ccco1
CHEMBL365847,11.858638,CC(=O)c1c(C)c2cnc(Nc3ccc(N4CCNCC4)cc3)nc2n(C2CCCC2)c1=O
CHEMBL371239,11.857789,CN1CCN(C(=O)c2cc3c(-c4ccccc4)[nH]nc3s2)CC1
CHEMBL1972183,11.8558035,CN1CCCC1COc1cncc(CCc2ccccc2)c1
CHEMBL293338,11.853593,CNC1CC2OC(C)(C1OC)n1c3ccccc3c3c(CO)c(CO)c4c5ccccc5n2c4c31
CHEMBL1973348,11.853555,Nc1ccc(-c2cncc(OCC(N)Cc3c[nH]c4ccccc34)c2)cc1C(=O)c1cccc(Cl)c1
CHEMBL344314,11.852774,NCCNS(=O)(=O)c1cccc2cnccc12
CHEMBL1973016,11.85115,CS(=O)(=O)c1cccc(C(=O)Nc2nc3ccccc3n2CCCO)c1
CHEMBL363130,11.850997,Cc1ccsc1C(=O)n1nc(Nc2ccc(S(N)(=O)=O)cc2)nc1N
CHEMBL1972276,11.850025,CCN(CC)CCCNc1cccc(-c2nc3c(C(N)=O)cccc3[nH]2)n1
CHEMBL351380,11.848702,COC(=O)CCN1CCN(S(=O)(=O)c2cccc3cnccc23)CC1
CHEMBL434037,11.848224,COC1C(N(C)OC(=O)C(C)(C)C)CC2OC1(C)n1c3ccccc3c3c4c(c5c6ccccc6n2c5c31)C(=O)NC4=O
CHEMBL2005528,11.845809,CCOC(=O)c1ccc2[nH]c3c(c2c1)CCNC3=O
CHEMBL1971172,11.844916,CC(C)(CNc1cc(-c2c[nH]c3ncccc23)cc(Cl)n1)CNS(C)(=O)=O
CHEMBL2332840,11.839762,O=C(Nc1ccc(Oc2ncnc3[nH]ncc23)cc1)Nc1ccc(Cl)c(C(F)(F)F)c1
CHEMBL1987533,11.839182,O=C(Cc1ccccc1Cl)Nc1ccc2cn[nH]c2c1
CHEMBL1998477,11.839056,CS(=O)(=O)c1cccc(-c2cnn3c(C(N)=O)cc(-c4ccccc4)nc23)c1
CHEMBL1995448,11.838377,NCCOc1cccc(Nc2ccnc(N)n2)c1
CHEMBL1986996,11.8357935,CCn1c(=C(C#N)C(=O)O)sc(=CNc2ccccc2)c1=O
CHEMBL81603,11.835303,Clc1cc2c([nH]c3cnccc32)c(Cl)c1OCC1CC1
CHEMBL1980178,11.835237,CC(=O)NC1CCCC(Nc2nc(Cl)cc(-c3c[nH]c4ncccc34)n2)C1
CHEMBL1614725,11.83454,CC(C)(O)CC(=O)NCCn1ccc2ncnc(Nc3ccc(Oc4cccc(C(F)(F)F)c4)c(Cl)c3)c21
CHEMBL2006493,11.833191,O=C1CCCc2oc3cc(C(F)(F)F)ccc3c(=O)c21
CHEMBL1964444,11.832223,Cc1ccc2nccc(NC(=O)Nc3cccc(C(F)(F)F)n3)c2c1
CHEMBL1998611,11.831946,NC(=O)c1sc2c(Br)ccc(Cl)c2c1N
CHEMBL1983195,11.831514,CCN(CC)C(=O)Nc1ccc2nc(-c3ccco3)c(-c3ccco3)nc2c1
CHEMBL371658,11.829747,N#Cc1cnc2cnc(NCCN3CCOCC3)cc2c1Nc1ccc(Cc2ccccc2)cc1
CHEMBL511410,11.828531,NC(=O)C(Nc1c(Nc2ccncc2)c(=O)c1=O)c1cccc(O)c1
CHEMBL202635,11.826898,COc1cc(CN2CCCCC2)c(Cl)cc1NC(=O)Nc1cnc(C#N)cn1
CHEMBL1971485,11.825972,CN(C)c1c(NC(=O)Cc2ccccc2)cccc1-c1nc2sccn2c1-c1ccnc(Nc2cccc(N3CCOCC3)c2)n1
CHEMBL1974157,11.824672,N#CC(=Cc1ccc(O)c(O)c1)C(=O)NCc1ccccc1
CHEMBL2001398,11.823989,CC(C)(C)CCOc1cc(-c2ccc(C(N)=O)cc2)cc2[nH]nc(N)c12
CHEMBL1980592,11.823784,Cc1sc2nc(=O)n3[nH]c(-c4ccncc4)nc3c2c1C
CHEMBL199210,11.822875,N#Cc1cnc2cnc(NCCN3CCOCC3)cc2c1Nc1ccc(Sc2ccccc2)cc1
CHEMBL1991138,11.8227,Nc1nccn2c(C3CC(CN4CCCC4)C3)nc(-c3cccc(OCc4ccccc4)c3)c12
CHEMBL1980715,11.82268,CCCCCCCCCCCCOc1ccc(N=C(N)N)cc1N=C(N)N
CHEMBL195218,11.822331,CONC(=O)c1cc(Nc2ncnn3cc(NC(=O)OCCCS(C)(=O)=O)c(C(C)C)c23)c(F)cc1F
CHEMBL2048912,11.8212385,CC(C)(N)C(=O)NCCn1ccc2ncnc(Nc3ccc(Oc4cccc5sncc45)c(Cl)c3)c21
CHEMBL597592,11.818482,CC(C)(C)c1cc(NC(=O)Nc2cccc(Oc3cccc4[nH]c(=O)[nH]c34)c2)n(-c2ccccc2)n1
CHEMBL1998470,11.818379,CCCC(=O)Nc1cc(-c2c[nH]c3ncccc23)cc(Cl)n1
CHEMBL2004892,11.816009,CS(=O)(=O)Nc1ccc(-c2ccc3[nH]nc(N)c3c2)cc1
CHEMBL6246,11.814449,O=c1oc2c(O)c(O)cc3c(=O)oc4c(O)c(O)cc1c4c23
CHEMBL1992231,11.813767,O=C(O)c1ccccc1Nc1ncnc(Nc2ccc(F)cc2)n1
CHEMBL1982980,11.813584,CC(C)=C(C)c1cccc2c(CCCOc3cccc(Cl)c3Cl)c(C(=O)O)[nH]c12
CHEMBL1994308,11.812153,O=C(CCC(=O)Nc1cc(C(F)(F)F)ccc1Cl)NNC=C1C=Nc2ccccc21
CHEMBL536151,11.8110485,O=C(Nc1cc(C(F)(F)F)cc(C(F)(F)F)c1)c1cc(Cl)ccc1O
CHEMBL352085,11.810589,COC(=O)CCC(=O)NCCNS(=O)(=O)c1cccc2cnccc12
CHEMBL2002240,11.810004,CC(=O)Nc1cc(N)c(C#N)c(-c2ccc3ccccc3c2)n1
CHEMBL2333445,11.808514,CCc1ccc(-c2ccc3c(c2)-c2[nH]ncc2S(=O)(=O)N3C)cc1
CHEMBL1990346,11.806198,Nc1n[nH]c2cccc(-c3ccc(Br)cc3)c12
CHEMBL2006010,11.802417,O=C(Nc1cccc(C(F)(F)F)n1)Nc1ccnc2c(Cl)c(Cl)ccc12
CHEMBL493169,11.801642,FC(F)(F)c1cccc(-c2nnc3ccc(NC4CCNCC4)nn23)c1
CHEMBL1971132,11.799116,O=C(O)C1CN(Cc2ccc(OCc3cccc(C(F)(F)F)c3)cc2)C1
CHEMBL1980704,11.797009,Cc1cc2nnc(SCc3cn4ccccc4n3)n2c2ccccc12
CHEMBL1614705,11.795315,O=C(CO)N1CCC(c2[nH]nc(-c3ccc(Cl)cc3F)c2-c2ccncn2)CC1
CHEMBL2004692,11.794804,Nc1nonc1-n1nnc(C(=O)NN=Cc2cccs2)c1-c1ccccc1
CHEMBL1989474,11.794414,Cn1cc(-c2ccncn2)c(-c2ccc(F)cc2)n1
CHEMBL1419458,11.791684,Nc1nonc1-n1nnc(C(=O)NN=Cc2ccncc2)c1-c1ccccc1
CHEMBL1996587,11.790859,CC(C)(CO)c1nnc2ccc(-c3c(-c4ccc(F)cc4F)nc4n3CCC4)nn12
CHEMBL223971,11.790376,COCCOCC#Cc1cc(-c2n[nH]c3c2Cc2ccc(Cn4cncn4)cc2-3)cs1
CHEMBL1985469,11.789552,CN(C)c1ccc(NC(=O)CC2Nc3ccccc3NC2=O)cc1
CHEMBL1984044,11.789523,CCN(CC)CCOc1ccc(-c2nc3c(C(N)=O)cccc3[nH]2)cc1
CHEMBL2006156,11.788727,CC(C)N(C(=O)Nc1ccc2nc(-c3ccco3)c(-c3ccco3)nc2c1)C(C)C
CHEMBL233001,11.786222,N#Cc1c(NC(=O)c2cccc3ccccc23)sc2c1CCCC2
CHEMBL1995211,11.784072,CC(C)(C)Nc1ncnc2[nH]cc(-c3ccccc3)c12
CHEMBL1972849,11.783456,CC(C)(CO)c1nnc2ccc(-c3c(-c4ccc(F)cc4F)nc4occn34)nn12
CHEMBL1996543,11.781173,NC(COc1cncc(-c2ccc(F)cc2)c1)Cc1c[nH]c2ccccc12
CHEMBL163629,11.780732,CNC(=O)OCCCn1c(-c2cc3ccccc3s2)c(C2=C(C#N)C(=O)NC2=O)c2ccccc21
CHEMBL494221,11.779517,OC1CCC(Nc2ccc3nnc(-c4cccc(C(F)(F)F)c4)n3n2)CC1
CHEMBL1997759,11.776191,COc1cccc(NC(=O)c2cnn3c(-c4ccccc4)ccnc23)c1
CHEMBL1472492,11.770349,CCCCCCCCCCCCCCCCn1cc[n+](Cc2ccccc2)c1C
CHEMBL282830,11.770272,NC(N)=NCCCC(NC(=O)C1CCN2CCC(N)(Cc3ccccc3)CN12)C(=O)c1nc2ccccc2s1
CHEMBL1993413,11.769926,O=C(Nc1cc(-c2c[nH]c3ncccc23)cc(Cl)n1)c1ccccc1
CHEMBL1996208,11.769734,NNc1cc(N2CCOCC2)nc(OCCc2ccccn2)n1
CHEMBL1965702,11.769473,CN(C)C1CCCC(Nc2nc(Cl)cc(-c3c[nH]c4ncccc34)n2)C1
CHEMBL1966501,11.768895,Cc1cc(OCc2cccc(C(F)(F)F)c2)ccc1CN1CC(C(=O)O)C1
CHEMBL28641,11.767089,CCCCCCCCCCCCCCCCCCSCC(C[N+](C)(C)CCCO)OC.[I-]
CHEMBL1984296,11.766738,Cc1ccc(C)c(NC(=O)c2cc(-c3ccco3)nc3ccccc23)c1
CHEMBL1972462,11.762881,CCCCC#Cc1ccc(CN2CC(C(=O)O)C2)cc1
CHEMBL1870106,11.761806,CCn1c(-c2nonc2N)nc2cncc(C(=O)N3CCC(N)C3)c21
CHEMBL1996795,11.761726,Nc1cc(S(=O)(=O)NC(=O)c2ccc(-c3ccc(F)cc3)cc2)ccc1NC1CCCCC1
CHEMBL351291,11.761554,O=C(O)CCC(=O)NCCNS(=O)(=O)c1cccc2cnccc12
CHEMBL1979318,11.758875,Cc1[nH]nc2c1C(c1ccccc1I)C(C#N)=C(N)O2
CHEMBL371095,11.755556,N#Cc1cnc2cnc(NCCN3CCOCC3)cc2c1Nc1ccc(Oc2ccccc2)cc1
CHEMBL1974480,11.753589,CCOC(=O)Cc1nc2c3cc(Br)ccc3nc(=O)n2[nH]1
CHEMBL307152,11.753205,Cn1ccc2ccc3c4[nH]c5c(CCCNC6CCC(O)CC6)cccc5c4c4c(c3c21)C(=O)NC4=O
CHEMBL1983006,11.753016,COc1cc(C(=O)O)c(Cl)cc1NC(=O)Nc1cnc(C#N)cn1
CHEMBL1998551,11.752078,CC(C)(O)c1nnc2ccc(-c3c(-c4ccc(F)cc4F)nc4n3CCC4)nn12
CHEMBL392642,11.750842,CSc1ccccc1CNc1ncc([N+](=O)[O-])c(NCC2CCC(CN)CC2)n1
CHEMBL390156,11.748995,CN1CCN(Cc2ccc3c(c2)Cc2c(-c4csc(C#CCOc5ccccc5)c4)n[nH]c2-3)CC1
CHEMBL191336,11.747503,OCCCNc1cc(-c2ncnc(Nc3cccc(Cl)c3)n2)ccn1
CHEMBL2006567,11.745736,CC(=O)Nc1cc(N)c(C#N)c(-c2ccsc2)n1
CHEMBL1977374,11.744689,CC(C)c1nnc2ccc(-c3c(-c4ccc(F)cc4F)nc4n3CCC4)nn12
CHEMBL1968926,11.743388,c1ccc(CSc2n[nH]c(-c3ccncc3)n2)cc1
CHEMBL101683,11.74113,O=C(Nc1ccc(Cl)cc1)c1ccccc1NCc1ccncc1
CHEMBL1992796,11.739069,O=C1N=c2ccc(Cl)cc2=C(c2ccccc2)C1=C1CC(c2ccccc2)NN1
CHEMBL1990212,11.73817,COc1cc(OC)c(Nc2ccc3nnc(-c4ccccc4)n3n2)cc1Cl
CHEMBL2152253,11.731896,CNC(=O)c1nc(-c2ccc(Cl)c(S(=O)(=O)Nc3cccc(F)c3C)c2)cnc1N
CHEMBL479835,11.731889,COc1ccc(CN(C)C)c(-c2cc3c(Nc4ccc5[nH]ccc5c4C)c(C#N)cnc3s2)c1
CHEMBL1986503,11.731406,Clc1ccc2c(c1)nnc1nnnn12
CHEMBL421565,11.72881,Cn1cc(C2=C(c3c4n(c5ccccc35)CCC(CN)C4)C(=O)NC2=O)c2ccccc21
CHEMBL1994074,11.728593,Brc1ccc2[nH]nc(-c3ccccc3)c2c1
CHEMBL583042,11.725005,Cc1cnc(Nc2ccc(F)cc2Cl)nc1-c1c[nH]c(C(=O)NC(CO)c2cccc(Cl)c2)c1
CHEMBL1988995,11.723507,CC(C)c1nnc2ccc(-c3c(-c4ccc(F)cc4F)nc4occn34)nn12
CHEMBL485285,11.721643,Cc1ccc(C(=O)Nc2cccc(N3CCOCC3)c2)cc1-c1ccc2c(C3CCNCC3)noc2c1
CHEMBL2000934,11.72069,CCc1ccc2nccc(NC(=O)Nc3cccc(C(F)(F)F)n3)c2c1
CHEMBL1995712,11.720135,CN(C)CC(=O)NC1CCCC(Nc2nc(Cl)cc(-c3c[nH]c4ncccc34)n2)C1
CHEMBL1996510,11.719982,O=C1NC(=O)C(c2c[nH]c3ccccc23)=C1c1nc(N2CCNCC2)nc2ccccc12
CHEMBL2004447,11.715493,CC(C)(C)c1[nH]nc2c1C(c1ccccc1F)C(C#N)=C(N)O2
CHEMBL379835,11.710723,Cc1nn(-c2ccccc2)c2c1c(=O)c1cc(Cl)ccc1n2O
CHEMBL1997349,11.710181,Cc1[nH]n(-c2ccc(Cl)c(Cl)c2)c(=O)c1C=c1c(C)c(C#N)c2nc3ccccc3n2c1=O
CHEMBL1995172,11.7067795,Brc1ccc2c(c1)-c1[nH]ncc1C2
CHEMBL310975,11.70475,COc1ccc2[nH]c3cnccc3c2c1Br
CHEMBL1088633,11.7023945,COc1cc2c(cc1Cl)C(c1cccc(Cl)c1)=NCC2
CHEMBL312651,11.701952,COc1c(Cl)cc2c([nH]c3cnccc32)c1Cl
CHEMBL484967,11.700122,NCc1ccc(-c2cc3ccncc3cc2OC2CCNCC2)cc1
CHEMBL56236,11.698069,Cc1cc(C)c(C)c(-c2cc3cnc(N)nc3nc2NC(=O)NC(C)(C)C)c1C
CHEMBL79004,11.697219,O=C(Nc1cc(Cl)cc2c1[nH]c1cnccc12)c1cccnc1
CHEMBL460990,11.695864,CC(C)Oc1ccc2c(c1)CCc1c-2c2c(c3c4ccccc4n(CCO)c13)CNC2=O
CHEMBL1984039,11.69417,Cc1nn(C)c(C)c1-c1cccc2c(CCCOc3cccc4ccccc34)c(C(=O)O)[nH]c12
CHEMBL268368,11.694062,O=C1NC(=O)c2c1c1c3ccccc3[nH]c1c1[nH]c3ccccc3c21
CHEMBL1982167,11.693683,COc1ccc(OC)c(NC(=O)c2cnn3c(-c4ccccc4)ccnc23)c1
CHEMBL462120,11.692932,Nc1c(-c2ccccc2)c2cc(Cl)ccc2[nH]c1=O
CHEMBL2002723,11.691322,CC(=O)Nc1ccc(-n2nc3ccc(N)nc3n2)cc1
CHEMBL1982880,11.689494,COc1ccc(OC)c(Nc2ccc3nnc(-c4ccccc4)n3n2)c1
CHEMBL406635,11.68942,O=C1OC2C(O)OC3CC(=O)c4cc(O)c(O)c(O)c4-c4c(O)c(O)c5oc(=O)c6c(c(O)c(O)c7oc(=O)c4c5c76)-c4c(cc(O)c(O)c4O)C(=O)OC3C2OC(=O)c2cc(O)c(O)c(O)c2-c2c1cc(O)c(O)c2O
CHEMBL1992644,11.686918,c1ccc(-c2[nH]ncc2-c2ccncc2)cc1
CHEMBL1890036,11.686886,CC(=NNC(=O)c1nnn(-c2nonc2N)c1-c1ccccc1)c1ccco1
CHEMBL1974363,11.685014,O=C(Nc1ccc(CO)cc1)c1cnn2c(-c3ccccc3)ccnc12
CHEMBL1999496,11.683177,Cc1cccc(C2(c3cccc(C)c3)CC2C(=O)Nc2ccncc2)c1
CHEMBL1992323,11.681601,O=c1nc[nH]c2c1oc1ccc(Cl)cc12
CHEMBL1996604,11.679821,COc1ccc(C=C2SC(Nc3ccccc3)=NC2=O)cc1OC
CHEMBL78917,11.677891,O=C(Nc1cc(Cl)cc2c1[nH]c1cnccc12)c1ccccn1
CHEMBL598626,11.675564,CC(C)(C)c1cc(NC(=O)c2cccc(Oc3cccc4[nH]c(=O)[nH]c34)c2)n(-c2ccccc2)n1
CHEMBL1202927,11.672356,CN(C)CC1CCn2c(c(C3=C(c4cn(C)c5ccccc45)C(=O)NC3=O)c3ccccc32)C1.Cl
CHEMBL425834,11.672105,CN(C)CCCn1cc(CNc2cc(Br)c3ncc(C#N)c(Nc4ccc(F)c(Cl)c4)c3c2)nn1
CHEMBL81229,11.669621,CCOc1c(Cl)cc2c([nH]c3cnccc32)c1Cl
CHEMBL312648,11.668702,COc1ccccc1C(=O)Nc1cc(Cl)cc2c1[nH]c1cnccc12
CHEMBL148333,11.665836,CNCCNS(=O)(=O)c1cccc2cnccc12
CHEMBL362558,11.664706,O=C1NC(=O)C(c2cnc3ccccn23)=C1c1cn2c3c(cc(F)cc13)CN(C(=O)N1CCCCC1)CC2
CHEMBL288949,11.663947,O=C1OCC2OC(=O)c3cc(O)c(O)c(O)c3-c3c(O)c(O)c(O)c4c3C(=O)OC(C2OC(=O)c2cc(O)c(O)c(O)c2-c2c1cc(O)c(O)c2O)C1OC(=O)c2c-4c(O)c(O)c(O)c2C1O
CHEMBL1090143,11.660031,O=C(Nc1cccc(-c2ncnc3sc(-c4ccncc4)cc23)c1)c1cccc(C(F)(F)F)c1
CHEMBL578601,11.659648,CCCc1cc(N2CCC(N)CC2)nc2sc(C(N)=O)c(N)c12
CHEMBL1973711,11.656796,N#Cc1c2c3cc(Cl)ccc3oc(N)c-2c(=O)[nH]c1=O
CHEMBL1970950,11.656645,O=C(O)c1ccccc1Nc1ccnc(NCc2cccc(O)c2)n1
CHEMBL411401,11.654714,O=C1OCC2OC(=O)c3cc(O)c(O)c(O)c3-c3c(O)c(O)c(O)c4c3C(=O)OC(C2OC(=O)c2cc(O)c(O)c(O)c2-c2c1cc(O)c(O)c2O)C1OC(=O)c2c-4c(O)c(O)c(O)c2C1c1c(O)cc(O)c2c1OC(c1ccc(O)c(O)c1)C(O)C2
CHEMBL1999774,11.651947,Cc1c(Cl)c(N2CCC(CN)C2)nc2[nH]cc(C(=O)O)c(=O)c12
CHEMBL310179,11.65191,COc1cccc(C(=O)Nc2cc(Cl)cc3c2[nH]c2cnccc23)c1
CHEMBL1985153,11.649963,NC1CCCCC1Nc1nccc(Nc2ccccc2C(=O)O)n1
CHEMBL340259,11.6496935,O=C1NC(=O)C2=C1c1cn(c3ccccc13)CCOCCOCCOCCn1cc2c2ccccc21
CHEMBL1991143,11.645408,Cc1ccc(-n2nc(C)c3c(=O)c4cc(Cl)ccc4n(O)c32)cc1
CHEMBL1995391,11.643871,CC(C)Nc1n[nH]c2ccc(N)cc12
CHEMBL1975357,11.643794,CC(C)(C)OC(=O)n1cc(-c2cncn2C2CCCCC2)c2ccccc21
CHEMBL489083,11.6437235,N=C(N)SCCCn1c(=O)c2c(c1=O)n1c3ccccc3cc1c1cccc3ccn2c31
CHEMBL1972988,11.639401,Clc1cc(-c2c[nH]c3ncccc23)ncn1
CHEMBL98350,11.635423,O=c1cc(N2CCOCC2)oc2c(-c3ccccc3)cccc12
CHEMBL1978656,11.634173,Cc1c(O)cccc1NC(=O)c1cnn2c(-c3ccccc3)ccnc12
CHEMBL54382,11.633903,CCN1CCC(n2cc(C3=C(c4cn(C)c5ccccc45)C(=O)NC3=O)c3ccccc32)CC1
CHEMBL2007603,11.63227,O=C(Nc1cccc(C(F)(F)F)n1)Nc1ccnc2ccc(F)cc12
CHEMBL103055,11.630366,CCN1CCOCCn2cc(c3ccccc32)C2=C(C(=O)NC2=O)c2cn(c3ccccc23)CCOCC1
CHEMBL1995736,11.628822,CCOC(=O)c1cccc2[nH]c(-c3ccc(N4CCC(N)C4)cc3)nc12
CHEMBL507308,11.627608,O=C(OC1OC2COC(=O)c3cc(O)c(O)c(O)c3-c3c(cc(O)c(O)c3O)C(=O)OC(C2OC(=O)c2cc(O)c(O)c(O)c2)C1OC(=O)c1cc(O)c(O)c(O)c1)c1cc(O)c(O)c(O)c1
CHEMBL1233654,11.624931,CC1CNCCN1S(=O)(=O)c1cccc2cnccc12
CHEMBL2001149,11.622659,Oc1ccc2nc(-c3ccc(Sc4ccc(-c5nc6ccc(O)cc6[nH]5)cc4)cc3)[nH]c2c1
CHEMBL1977814,11.619834,Cc1nn(C)c2c1c(=O)c1cc(Cl)ccc1n2OCC(C)C
CHEMBL576887,11.619184,CCCc1cc(N2CCC(O)CC2)nc2sc(C(N)=O)c(N)c12
CHEMBL576989,11.617637,CCCc1cc(N2CCCC(O)C2)nc2sc(C(N)=O)c(N)c12
CHEMBL2006450,11.616321,CCCCC(=O)Nc1cc(-c2c[nH]c3ncccc23)cc(Cl)n1
CHEMBL2004365,11.616166,CCOC(=O)C1=C(N)n2c(sc(=Cc3cccs3)c2=O)=C(C(N)=O)C1c1cccs1
CHEMBL2004033,11.613849,O=c1[nH]n2ccccc2c1Br
CHEMBL1984274,11.608467,O=C1N=NC(=O)c2c(NNc3c(-c4ccccc4)[nH]n(-c4ccccc4)c3=O)cccc21
CHEMBL81315,11.607793,CNC(=O)Nc1cc(Cl)cc2c1[nH]c1cnccc12
CHEMBL1976328,11.606931,Cc1cc(C)cc(NC(=O)Nc2ccc(-c3cccc4snc(N)c34)cc2)c1
CHEMBL443962,11.604472,COc1ccc(-c2cnc3c(Br)cnn3c2)cc1
CHEMBL214253,11.604466,O=C1NC(=O)c2c1c(-c1ccccc1)cc1[nH]c3ccc(O)cc3c21
CHEMBL332575,11.6039915,O=C1NC(=O)c2c1c1c3ccccc3ccc1c1[nH]c3ccccc3c21
CHEMBL78862,11.60217,O=C(Nc1cc(Cl)cc2c1[nH]c1cnccc12)c1ccccc1
CHEMBL1972820,11.601705,O=C(O)c1ccc(N2C(=O)c3ccccc3C2=O)cc1O
CHEMBL2001668,11.599772,O=c1ncc(I)c2[nH]c(-c3ccccc3)cn12
CHEMBL207130,11.597414,COc1cc2ncnc(Nc3cccc(Cl)c3F)c2cc1CN(C)C1(C(N)=O)CCN(C)CC1
CHEMBL513846,11.594832,Cc1nc2ccccn2c1-c1csc(Nc2ccc(O)cc2)n1
CHEMBL2046643,11.588854,CC(C)CC1CN(c2ccc(C(F)(F)F)c(C(=O)c3cccnc3N)n2)CCN1
CHEMBL529663,11.587615,COc1cc(C2=C(c3c[nH]c4ccccc34)CNC2=O)cc(OC)c1OC
CHEMBL144598,11.5871525,O=C1NC(=O)c2c1c1c3ccccc3n3c1c1c2c2ccccc2n1C1CCCC3N1Cc1ccccc1
CHEMBL509435,11.585689,COc1cc(C2=C(c3cn(C)c4ccccc34)C(=O)NC2)cc(OC)c1OC
CHEMBL290632,11.5806055,Oc1cc(O)c2c(c1)OC(c1ccc(O)c(O)c1)C(O)C2c1c(O)cc(O)c2c1OC(c1ccc(O)c(O)c1)C(O)C2c1c(O)cc(O)c2c1OC(c1ccc(O)c(O)c1)C(O)C2
CHEMBL1957085,11.579206,COc1ccc(-c2ocnc2C(=O)NCc2ccncc2)cc1
CHEMBL1272171,11.578404,CC(C)c1[nH]nc(C(F)(F)F)c1-c1ccnc(Nc2ccc(N3CCC(N(C)C)CC3)cn2)n1
CHEMBL540848,11.575795,CC1CNCCN1S(=O)(=O)c1cccc2cnccc12.Cl.Cl
CHEMBL362588,11.574862,O=C1NC(=O)C(c2cnc3ccccn23)=C1c1cn2c3c(cccc13)CN(C(=O)N1CCCCC1)CC2
CHEMBL200381,11.57472,N#Cc1cnc2cnc(NCc3cccnc3)cc2c1Nc1ccc(F)c(Cl)c1
CHEMBL76904,11.574275,N#CC(C#N)=Cc1ccc(O)c(O)c1
CHEMBL523559,11.573501,Cc1nnc(-c2ccc(-c3cc(C(=O)Nc4cccc(N5CCOCC5)c4)ccc3C)c(C)c2)o1
CHEMBL377734,11.573116,O=C(NC1CC1)c1cc(NCc2cnc(Nc3ccccn3)s2)c(F)cc1F
CHEMBL1985074,11.571557,CSc1ccc2nc3c(c(Cl)c2c1)CCNC3=O
CHEMBL363058,11.570376,CC(C)OC(=O)N1CCn2cc(C3=C(c4cnc5ccccn45)C(=O)NC3=O)c3cccc(c32)C1
CHEMBL1991818,11.569636,CCN1c2cc(N)ccc2-c2ccc(N)cc2C1(O)c1ccccc1
CHEMBL265502,11.564047,Cc1ccc(C(=O)Nc2ccc(S(=O)(=O)O)c3cc(S(=O)(=O)O)cc(S(=O)(=O)O)c23)cc1NC(=O)c1cccc(NC(=O)Nc2cccc(C(=O)Nc3cc(C(=O)Nc4ccc(S(=O)(=O)O)c5cc(S(=O)(=O)O)cc(S(=O)(=O)O)c45)ccc3C)c2)c1
CHEMBL389745,11.563949,COc1cc(-c2ccc3c(c2)Nc2ccc(C(C)(C)C(=O)Nc4ccc(N5CCOCC5)cc4)cc2NC3=O)ccc1N
CHEMBL409397,11.563529,O=C(OC1OC2COC(=O)c3cc(O)c(O)c(O)c3-c3c(cc(O)c(O)c3O)C(=O)OC2C2OC(=O)c3cc(O)c(O)c(O)c3-c3c(cc(O)c(O)c3O)C(=O)OC12)c1cc(O)c(O)c(Oc2c(O)c(O)c(O)c3c2C(=O)OC2C(COC(=O)c4cc(O)c(O)c(O)c4-3)OC(OC(=O)c3cc(O)c(O)c(Oc4c(O)c(O)c(O)c5c4C(=O)OC4C(COC(=O)c6cc(O)c(O)c(O)c6-5)OC(OC(=O)c5cc(O)c(O)c(Oc6c(O)c(O)c(O)c7c6C(=O)OC6C(COC(=O)c8cc(O)c(O)c(O)c8-7)OC(OC(=O)c7cc(O)c(O)c(O)c7)C7OC(=O)c8cc(O)c(O)c(O)c8-c8c(cc(O)c(O)c8O)C(=O)OC67)c5)C5OC(=O)c6cc(O)c(O)c(O)c6-c6c(cc(O)c(O)c6O)C(=O)OC45)c3)C3OC(=O)c4cc(O)c(O)c(O)c4-c4c(cc(O)c(O)c4O)C(=O)OC23)c1
CHEMBL305178,11.560893,CC(Nc1nccc(-c2c(-c3cccc(C(F)(F)F)c3)nc(C3CCNCC3)n2C)n1)c1ccccc1
CHEMBL568922,11.555751,CCCc1cc(N2CCNCC2)nc2sc(C(N)=O)c(N)c12
CHEMBL50,11.554556,O=c1c(O)c(-c2ccc(O)c(O)c2)oc2cc(O)cc(O)c12
CHEMBL1974803,11.553533,O=c1[nH]c2cc(Cl)cc(Cl)c2c(-c2cc(Cl)ccc2O)c1O
CHEMBL2001451,11.553313,CN(C)CCCCNC(=O)c1cccc(-n2nc(C(C)(C)C)cc2NC(=O)Nc2cccc3ccccc23)c1
CHEMBL576113,11.550494,CCN(CC)CCNc1ccc(O)c2ccccc12
CHEMBL430440,11.550199,O=C1CC2OC(O)C3OC(=O)c4cc(O)c(O)c(O)c4-c4c(cc(O)c(O)c4O)C(=O)OC3C2OC(=O)c2cc(O)c(O)c(O)c2-c2c1cc(O)c(O)c2O
CHEMBL296682,11.549418,Nc1nccc(-c2c[nH]c3c(Br)ccc(O)c23)n1
CHEMBL362814,11.549045,CN(C)C(=O)N1CCn2cc(C3=C(c4cnc5ccccn45)C(=O)NC3=O)c3cccc(c32)C1
CHEMBL61867,11.548179,CCn1c2ccccc2c2c3c(c4c5ccccc5[nH]c4c21)C(=O)NC3=O
CHEMBL485053,11.547914,CN1C(=O)C(=Cc2ccc3c(c2)OCO3)N=C1N
CHEMBL535331,11.546782,C1=Nc2ccccc2C1=CNNc1nc2ccccc2[nH]1
CHEMBL484968,11.545941,c1ccc(-c2cc3ccncc3cc2OC2CCNCC2)cc1
CHEMBL2005112,11.545786,Cc1[nH]n(-c2cccc(Br)c2)c(=O)c1C=c1c(C)c(C#N)c2nc3ccccc3n2c1=O
CHEMBL340935,11.542543,O=C1NC(=O)C2=C1c1cn(c3ccccc13)CCOCCOCCOCCn1cc2c2cccnc21
CHEMBL1993634,11.540732,CC(C)(C)c1cc(NC(=O)Nc2cccc3ccccc23)n(-c2cccc(C(=O)N(CCN)CCO)c2)n1
CHEMBL310950,11.540046,O=C(OC1OC2CC(=O)c3cc(O)c(O)c(O)c3-c3c(cc(O)c(O)c3O)C(=O)OC2C2OC(=O)c3cc(O)c(O)c(O)c3-c3c(cc(O)c(O)c3O)C(=O)OC12)c1cc(O)c(O)c(O)c1
CHEMBL1988872,11.539173,CS(=O)(=O)Nc1ccc(Nc2ccc3[nH]nc(N)c3c2)cc1
CHEMBL1087421,11.537236,COc1cc2c(cc1Cl)C(c1ccc(Cl)c(Cl)c1)=NCC2
CHEMBL2007592,11.536447,O=c1nc2sc3c(c2c2nc(-c4ccccc4)[nH]n12)CCCC3
CHEMBL1971694,11.535758,CCCCNC1=NS(=O)N=C1Nc1ccc(F)cc1
CHEMBL393929,11.533174,O=C1N=C(NCc2cccs2)SC1=Cc1ccc2ncccc2c1
CHEMBL1989569,11.532477,CN(C)CCOc1cccc(-c2nc3c(C(N)=O)cccc3[nH]2)c1
CHEMBL81169,11.531506,Brc1ccc2[nH]c3cnccc3c2c1
CHEMBL80024,11.531339,O=C1CC2OC(O)C(O)C(O)C2OC(=O)c2cc(O)c(O)c(O)c2-c2c(O)c(O)c3oc(=O)c4c(c(O)c(O)c5oc(=O)c2c3c54)-c2c1cc(O)c(O)c2O
CHEMBL232601,11.528913,N#Cc1c(NC(=O)c2cccc3ccccc23)sc2c1CCCN2C(=O)C1CC1
CHEMBL1271692,11.528872,NS(=O)(=O)c1ccc(Nc2ncc(-c3ccc(=O)[nH]c3)o2)cc1
CHEMBL246356,11.528756,CNc1ncnc(-c2cccnc2Oc2cc(NC(=O)c3cccc(OC(F)(F)C(F)F)c3)ccc2C)n1
CHEMBL1996923,11.525302,Clc1cc2n[nH]nc2cc1Cl
CHEMBL242753,11.524865,O=C1C=CC(=c2ccc(=C3NNC4=C3Cc3cc(C(=O)NCc5ccncc5)ccc34)cc2)C=C1
CHEMBL1969664,11.5222225,N#Cc1ccc2c(c1)C(=C1C=CC(CN3CCOCC3)=CN1)C(=O)N2
CHEMBL382823,11.521529,COCCN(Cc1cc2c(Nc3cccc(Cl)c3F)ncnc2cc1OC)C(C)C(N)=O
CHEMBL2004615,11.520709,CSc1nn(-c2ccccn2)c(N)c1C(N)=O
CHEMBL2006631,11.51975,CN(C)S(=O)(=O)c1ccccc1-c1ccc2c(c1)Nc1ccccc1NC2=O
CHEMBL28509,11.515883,CCCCCCCCCCCCCCCCCCOCC(COP(=O)([O-])OCC[N+](C)(C)C)OC
CHEMBL2036343,11.5155115,O=C1C(=Cc2ccccn2)CSCC1=Cc1ccccn1
CHEMBL2004647,11.51431,CNC1CCN(c2nc3[nH]cc(C(=O)O)c(=O)c3c(C)c2Br)C1
CHEMBL1997611,11.512223,CCOC(=O)c1nc2c(=O)[nH]c3cc([N+](=O)[O-])c(NC(C)=O)cc3n2c1C
CHEMBL55788,11.511735,Cn1cc(C2=C(c3cn(C4CCNCC4)c4ccccc34)C(=O)NC2=O)c2ccccc21
CHEMBL475817,11.511177,Nc1ncc(NC(=O)c2cc(NC(=O)c3cccc(C(F)(F)F)c3)ccc2Cl)cc1Cl
CHEMBL104067,11.510194,COc1cc2ncnc(N3CCN(C(=O)Nc4ccc(C(C)C)cc4)CC3)c2cc1OC
CHEMBL1173055,11.509832,CNCc1ccc(-c2[nH]c3cc(F)cc4c3c2CCNC4=O)cc1
CHEMBL1981947,11.507936,CC(C)Oc1ccc(-c2noc(-c3ccc(NC4CCC(C(=O)O)C4)cc3)n2)cc1C(F)(F)F
CHEMBL2002736,11.507661,CCOCC(C)Oc1cccc2[nH]nc(N)c12
CHEMBL382408,11.505097,O=C(OCC1OC(OC(=O)c2cc(O)c(O)c(O)c2)C(OC(=O)c2cc(O)c(O)c(O)c2)C(OC(=O)c2cc(O)c(O)c(O)c2)C1OC(=O)c1cc(O)c(O)c(O)c1)c1cc(O)c(O)c(O)c1
CHEMBL2148053,11.504909,CC(C)(C(=O)NCCn1ccc2ncnc(Nc3ccc(Oc4cccc(Cl)c4)c(Cl)c3)c21)S(C)(=O)=O.Cc1ccc(S(=O)(=O)O)cc1
CHEMBL1989265,11.504243,CC1CSc2c(C(=O)O)c(=O)c3cc(F)c(N4CCC(N)C4)cc3n21
CHEMBL2003689,11.502321,CC(C)(C)c1cc(NC(=O)C(=O)c2cccc3ccccc23)n(-c2ccc(OCCC(=O)O)cc2)n1
CHEMBL553824,11.502053,COc1cc2ncnc(N3CCN(C(=O)Nc4ccsc4)CC3)c2cc1OC
CHEMBL230654,11.5017185,CCCc1nc[nH]c1CNc1cc(Cl)c2ncc(C#N)c(Nc3ccc(F)c(Cl)c3)c2c1
CHEMBL1994318,11.501697,CC(C)N(CCCN)C(=O)c1cccc(-n2nc(C(C)(C)C)cc2NC(=O)Nc2cccc3ccccc23)c1
CHEMBL263225,11.501378,CC(N)C(=O)NC(CO)C(=O)NC(CCCN=C(N)N)C(=O)NC(CCCN=C(N)N)C(=O)NC(CCCN=C(N)N)C(=O)NC(CCCN=C(N)N)C(=O)NC(CCCN=C(N)N)C(=O)NC(CCCN=C(N)N)C(=O)O
CHEMBL1999126,11.498762,Cc1[nH]n(-c2ccccc2)c(=O)c1C=c1c(C)c(C#N)c2nc3ccccc3n2c1=O
CHEMBL115769,11.495546,COc1cc(N)nc2[nH]c(-c3ccc(F)cc3)c(-c3ccncc3)c12
CHEMBL78885,11.495545,COc1ccc(C(=O)Nc2cc(Cl)cc3c2[nH]c2cnccc23)cc1
CHEMBL141247,11.493081,O=C(Nc1ccccn1)Nc1cccc2c1C1CCCN1C2=O
CHEMBL2002660,11.492419,COCCN(C)C(=O)c1cccc(-n2nc(C(C)(C)C)cc2NC(=O)Nc2cccc3ccccc23)c1
CHEMBL1975208,11.490137,CC(=O)NC1CCN(c2nc3[nH]cc(C(=O)O)c(=O)c3c(C)c2F)C1
CHEMBL279405,11.48868,CC(C)CCOc1c(C(=O)c2ccccc2)cnc2[nH]ncc12
CHEMBL204420,11.484725,COc1cc2ncnc(Nc3cccc(Cl)c3F)c2cc1CN1CCN(C)CC1C(N)=O
CHEMBL1997503,11.48444,CC(C)Oc1ccc(-c2noc(-c3ccc(NC4CCC(C(=O)O)C4)cc3)n2)cc1Cl
CHEMBL411351,11.484025,Oc1cc(O)c2c(c1)OC(c1ccc(O)c(O)c1)C(O)C2c1c(O)cc(O)c2c1OC1(c3ccc(O)c(O)c3)Oc3cc(O)c4c(c3C2C1O)OC(c1ccc(O)c(O)c1)C(O)C4c1c(O)cc(O)c2c1OC(c1ccc(O)c(O)c1)C(O)C2
CHEMBL337642,11.481824,O=C1NC(=O)C2=C1c1cn(c3ncccc13)CCOCCOCCOCCOCCn1cc2c2cccnc21
CHEMBL340776,11.481824,O=C1NC(=O)C2=C1c1cn(c3ncccc13)CCOCCOCCOCCn1cc2c2cccnc21
CHEMBL2000433,11.479081,CCNNc1cc(C)c(C#N)c2nc3ccccc3n12
CHEMBL357892,11.478496,O=C1NC(=O)c2c1c1c3ccccc3n3c1c1c2c2ccccc2n1C1COCC3N1Cc1ccccc1
CHEMBL1970806,11.471902,O=c1nc2sc3c(c2c2nc(-c4cccnc4)[nH]n12)CCCC3
CHEMBL490555,11.469608,c1cc(Nc2ncnc3[nH]ccc23)cc(-c2nc3ccccc3s2)c1
CHEMBL1981671,11.465426,CCOC(=O)Cc1nc2c(N)cccc2[nH]1
CHEMBL207235,11.465298,COc1cc2ncnc(Nc3cccc(Cl)c3F)c2cc1CN1CC(OC)CC1C(N)=O
CHEMBL2006836,11.464926,Cc1[nH]n(-c2ccc(C(=O)O)cc2)c(=O)c1C=c1c(C)c(C#N)c2nc3ccccc3n2c1=O
CHEMBL379601,11.464015,COc1cc2ncnc(Nc3cccc(Cl)c3F)c2cc1CN(C)CC(N)=O
CHEMBL319894,11.462971,COc1cc2ncnc(N3CCN(C(=S)NCc4ccccc4)CC3)c2cc1OC
CHEMBL2004513,11.462494,COC(=O)c1ccccc1-c1ccc2c(c1)Nc1ccccc1NC2=O
CHEMBL311906,11.462041,O=C(OC1OC2CC(=O)c3cc(O)c(O)c(O)c3-c3c(cc(O)c(O)c3O)C(=O)OC2C(OC(=O)c2cc(O)c(O)c(O)c2)C1OC(=O)c1cc(O)c(O)c(O)c1)c1cc(O)c(O)c(O)c1
CHEMBL144479,11.460117,O=C1NC(=O)c2c1c1c3ccccc3n3c1c1c2c2ccccc2n1C1CCC3N1Cc1ccccc1
CHEMBL53596,11.457265,CN1CCC(n2cc(C3=C(c4cn(C)c5ccccc45)C(=O)NC3=O)c3ccccc32)CC1
CHEMBL209148,11.454293,COc1cc(C)c(Sc2cnc(NC(=O)c3ccc(CNC(C)C(C)(C)C)cc3)s2)cc1C(=O)N1CCN(C(C)=O)CC1
CHEMBL1979855,11.452912,CC(C)(C)c1cc(NC(=O)Nc2cccc3ccccc23)n(-c2cccc(C(=O)NCC#N)c2)n1
CHEMBL186290,11.447679,Cc1cc2c3c(c1)c(C1=C(c4cnc5ccccn45)C(=O)NC1=O)cn3CCN(C(=O)N1CCCCC1)C2
CHEMBL303144,11.445413,CC(Nc1cc(-c2c(-c3cccc(C(F)(F)F)c3)nc(C3CCNCC3)n2C)ccn1)c1ccccc1
CHEMBL1998253,11.444688,CN(C)c1ccc(N)c2ccccc12
CHEMBL312170,11.440876,Clc1cc2c([nH]c3cnccc32)c(Cl)c1OCC1CCCCC1
CHEMBL178737,11.434083,O=C1NC(=O)C(c2cnc3ccccn23)=C1c1cn2c3c(cccc13)CN(C(=O)N1CCOCC1)CC2
CHEMBL207253,11.433462,CCCOn1c2ccc(Cl)cc2c(=O)c2c(C)nn(C)c21
CHEMBL1972152,11.430161,O=c1c2c(nc3cc(-c4ccco4)[nH]n13)CSC2
CHEMBL1991728,11.429321,CC(=NN=C(N)N)c1cc(NC(=O)NCCCCCCNC(=O)Nc2cc(C(C)=NN=C(N)N)cc(C(C)=NN=C(N)N)c2)cc(C(C)=NN=C(N)N)c1
CHEMBL429225,11.426103,O=C1NC(=O)c2c1c1c3ccccc3n3c1c1c2c2ccccc2n1C1C(O)C(O)C(O)C3N1Cc1ccccc1
CHEMBL1968606,11.423845,Cc1cc(=O)[nH]nc1-c1ccc(NC(=O)Nc2cccc(Cl)c2)cc1
CHEMBL1788116,11.421477,N#CC(=C1Nc2ccccc2S1)c1ccnc(NCCc2cccnc2)n1.O=C(O)C(F)(F)F.O=C(O)C(F)(F)F
CHEMBL81478,11.419392,Oc1cc(O)c2c(c1)OC1(c3ccc(O)c(O)c3)Oc3cc(O)c4c(c3C2C1O)OC(c1ccc(O)c(O)c1)C(O)C4c1c(O)cc(O)c2c1OC(c1ccc(O)c(O)c1)C(O)C2
CHEMBL225088,11.414082,CONC(=O)c1ccc(C)c(Nc2nc(N(C)CC(C)(C)C)nc(N3CCCN(C)CC3)n2)c1
CHEMBL213743,11.413772,CN1CCN(Cc2ccc3c(c2)-c2[nH]nc(-c4ccsc4)c2C3)CC1
CHEMBL55394,11.41096,Cn1cc(C2=C(c3cn(C4CCN(CC5CC5)CC4)c4ccccc34)C(=O)NC2=O)c2ccccc21
CHEMBL377772,11.406346,COc1cc2ncnc(Nc3cccc(Cl)c3F)c2cc1CN1CCCC1CC(N)=O
CHEMBL425601,11.399739,COc1cc2ncnc(Nc3cccc(Cl)c3F)c2cc1CN(C)C1(C(N)=O)CN(C(C)C)C1
CHEMBL1970006,11.3972,CN(c1ccccc1CNc1nc(N)nc2[nH]ccc12)S(C)(=O)=O
CHEMBL208048,11.396583,COc1cc2ncnc(Nc3cccc(Cl)c3F)c2cc1CN(C(C)C)C(C)C(N)=O
CHEMBL52654,11.396015,CN1CCC(n2cc(C3=C(c4c[nH]c5ccccc45)C(=O)NC3=O)c3ccccc32)CC1
CHEMBL50749,11.394481,CCCCCCCCCCCCCCCCCC1OCC(C[N+](C)(C)CCCO)O1.[Br-]
CHEMBL142425,11.394019,CC(O)CNc1cc(-c2[nH]c3cccnc3c2-c2ccc(F)cc2)ccn1
CHEMBL565061,11.386962,CCOC(=O)c1cnn2c(-c3cccc(NC(=O)c4cccc(C(F)(F)F)c4)c3)ccnc12
CHEMBL2002553,11.383784,Cc1[nH]sc2ncc(C(=O)O)c(=O)c1-2
CHEMBL378370,11.383355,COc1cc2ncnc(Nc3cccc(Cl)c3F)c2cc1CN(C)C1CCNC1=O
CHEMBL81753,11.38213,Oc1cc(O)c2c(c1)OC(c1ccc(O)c(O)c1)C(O)C2c1c(O)cc(O)c2c1OC(c1ccc(O)c(O)c1)C(O)C2
CHEMBL611124,11.37786,O=C1OCC2OC(=O)c3cc(O)c(O)c(O)c3-c3c(O)c(O)c(O)c4c3C(=O)OC(C2OC(=O)c2cc(O)c(O)c(O)c2-c2c1cc(O)c(O)c2O)C1OC(=O)c2c-4c(O)c(O)c(O)c2C1C1(O)OC(CO)C(O)C1O
CHEMBL127929,11.376168,CCOC(=O)CSc1cnc(NC(C)=O)s1
CHEMBL215652,11.374673,CC(C)c1nnc2ccc(-c3ocnc3-c3ccc(F)cc3Cl)cn12
CHEMBL197538,11.374629,N#Cc1cnc2cnc(NCCN3CCOCC3)cc2c1Nc1ccc(F)c(Cl)c1
CHEMBL1159467,11.37436,O=C1OC2C3COC(=O)c4cc(Oc5c(C(=O)O)cc(O)c(O)c5O)c(O)c(O)c4-c4c(cc(O)c(O)c4O)C(=O)OC2C(OC(=O)c2cc(O)c(O)c4c2C2C1=CC(=O)C(O)(O)C2(O)O4)C(OC(=O)c1cc(O)c(O)c(O)c1)O3
CHEMBL235345,11.373446,O=C1N=C(NC2CC2c2ccccc2)SC1=Cc1ccc2ncccc2c1
CHEMBL207815,11.372594,COCCN1CC(C(N)=O)(N(C)Cc2cc3c(Nc4cccc(Cl)c4F)ncnc3cc2OC)C1
CHEMBL519693,11.370088,NS(=O)(=O)c1ccc(-c2cc3ccncc3cc2OC2CCNCC2)cc1
CHEMBL214198,11.369641,CC(C)c1nnc2ccc(-c3cn[nH]c3-c3cc(F)ccc3F)cn12
CHEMBL309265,11.365998,O=S(=O)(Nc1cc(Cl)cc2c1[nH]c1cnccc12)c1ccccc1
CHEMBL376967,11.363288,COc1cc2ncnc(Nc3cccc(Cl)c3F)c2cc1CN(CCN(C)C)C(C)C(N)=O
CHEMBL485745,11.362378,Fc1ccc(-c2nn3ccccc3c2-c2ccncc2)cc1
CHEMBL382638,11.361632,COc1cc2ncnc(Nc3ccc(F)c(Cl)c3)c2cc1CN1CCCC1C(N)=O
CHEMBL1159468,11.359845,O=C(OC1OC2COC(=O)c3cc(Oc4c(C(=O)O)cc(O)c(O)c4O)c(O)c(O)c3-c3c(cc(O)c(O)c3O)C(=O)OC(C2O)C1O)c1cc(O)c(O)c(O)c1
CHEMBL1080995,11.358113,Cc1ncc(C#N)c(Nc2ccc3[nH]ccc3c2C)c1C=Cc1cccc(S(=O)(=O)N2CCN(C)CC2)c1
CHEMBL116963,11.355272,N=c1ccc(-c2ccccc2)nn1CCCCCCCCCCC(=O)Nc1ccc(-c2ccccc2)nn1
CHEMBL488646,11.353343,COc1cc(C2=C(c3cn(COC(C)(C)C)c4ccccc34)CNC2=O)cc(OC)c1OC
CHEMBL299368,11.351085,CCCCCCCCCCCCCCCCOCC(COCC[N+](C)(C)C)OC.[Br-]
CHEMBL80843,11.349485,O=C(Nc1cc(Cl)cc2c1[nH]c1cnccc12)c1ccncc1
CHEMBL1159466,11.349235,O=C1OC2C3COC(=O)c4cc(O)c(O)c(O)c4-c4c(cc(O)c(O)c4O)C(=O)OC2C(OC(=O)c2cc(O)c(O)c4c2C2C1=CC(=O)C(O)(O)C2(O)O4)C(OC(=O)c1cc(O)c(O)c(O)c1)O3
CHEMBL353795,11.349023,N=C(N)SCCCn1c(-c2cc3ccccc3s2)c(C2=C(C(=O)c3ccccc3)C(=O)NC2=O)c2ccccc21
CHEMBL383246,11.345767,COc1cc2ncnc(Nc3cccc(Cl)c3F)c2cc1CN(C)C1(C(N)=O)CCN(C(C)C)CC1
CHEMBL81809,11.345532,O=C(Oc1c(Cl)cc2c([nH]c3cnccc32)c1Cl)N1CCOCC1
CHEMBL1993166,11.34002,CC(=NN=C(N)N)c1cc(NC(=O)NCCCN(C)CCCNC(=O)Nc2cc(C(C)=NN=C(N)N)cc(C(C)=NN=C(N)N)c2)cc(C(C)=NN=C(N)N)c1
CHEMBL1977604,11.338906,CC1CSc2c(C(=O)O)c(=O)c3cc(F)c(N4CCC(N)C4)c(F)c3n21
CHEMBL604087,11.338561,COc1ccc(C(=O)NCc2cccc(C(=O)Nc3ccc4c(c3)CNCC4)c2)cc1OC
CHEMBL574613,11.33736,CCS(=O)c1ccc(-c2coc3ccc(-c4ccc(C)o4)cc23)cc1
CHEMBL212084,11.329009,c1cn(Cc2ccc3c(c2)-c2[nH]nc(-c4ccsc4)c2C3)cn1
CHEMBL1992555,11.326193,O=C(NN=Cc1ccc(Sc2nc3ccccc3[nH]2)o1)c1cccc([N+](=O)[O-])c1
CHEMBL301860,11.325828,CC(C)N1CCC(n2cc(C3=C(c4cn(C)c5ccccc45)C(=O)NC3=O)c3ccccc32)CC1
CHEMBL207718,11.325629,COc1cc2ncnc(Nc3cccc(Cl)c3F)c2cc1CN(C)C1(C(N)=O)CN(C)C1
CHEMBL82136,11.324615,O=C(Cc1ccccn1)Nc1cc(Cl)cc2c1[nH]c1cnccc12
CHEMBL358314,11.324033,COCC1CC(COC)C2N(Cc3ccccc3)C1n1c3ccccc3c3c4c(c5c6ccccc6n2c5c31)C(=O)NC4=O
CHEMBL428973,11.323079,CC(NC(=O)C(C)NS(=O)(=O)c1cccc2cnccc12)C(=O)NC(C)C(=O)NC(CCCN=C(N)N)C(=O)NC(CCCN=C(N)N)C(=O)NC(CCCN=C(N)N)C(=O)NC(CCCN=C(N)N)C(=O)O
CHEMBL79244,11.322918,O=C(OC1COC(=O)c2cc(O)c(O)c(O)c2-c2c(cc(O)c(O)c2O)C(=O)OC1C1OC(=O)c2cc(O)c(O)c(O)c2-c2c(O)c(O)c(O)c3c2C(=O)OC1C3O)c1cc(O)c(O)c(O)c1
CHEMBL379929,11.317979,CC(C)c1nnc2ccc(-c3ocnc3-c3ccccc3)cn12
CHEMBL80619,11.317947,COc1ccc2[nH]c3cnccc3c2c1
CHEMBL80793,11.314975,Clc1cc(NCc2ccccc2)c2[nH]c3cnccc3c2c1
CHEMBL87084,11.314891,O=c1cc2[nH]cc(-c3ccncc3)cc-2cc1O
CHEMBL78618,11.313352,FC(F)(F)c1ccc2[nH]c3cnccc3c2c1
CHEMBL516640,11.31264,COc1ccc(-n2cnc3ccc(-c4nnc(SCc5cccc(C#N)c5)o4)cc32)cc1
CHEMBL2046883,11.312471,Cc1ccc(NC(=O)Nc2nnc(Sc3ncnc4cc(OCCCN5CCOCC5)ccc34)s2)cc1
CHEMBL1082152,11.311679,Cn1cc(C2=C(c3cccc(NCC(O)CO)c3)C(=O)NC2=O)c2cc(F)ccc21
CHEMBL212382,11.307786,CC(C)(C)c1nnc2ccc(-c3ocnc3-c3ccc(F)cc3F)cn12
CHEMBL213423,11.306539,CC(C)c1nnc2ccc(-c3ocnc3-c3cc(F)c(F)cc3F)cn12
CHEMBL82137,11.304647,O=C(CCCO)Nc1cc(Cl)cc2c1[nH]c1cnccc12
CHEMBL311201,11.303965,Clc1ccc2[nH]c3cnccc3c2c1
CHEMBL81838,11.300529,O=[N+]([O-])c1cc(Cl)cc2c1[nH]c1cnccc12
CHEMBL125898,11.29403,COc1cc2c(N3CCN(C(=O)Nc4ccc(OC(C)C)cc4)CC3)ncnc2cc1OCCCN1CCOCC1
CHEMBL311306,11.290906,O=C(Nc1cc(Cl)cc2c1[nH]c1cnccc12)N1CCOCC1
CHEMBL212968,11.290654,CC(C)(C)c1nnc2ccc(-c3ocnc3-c3cc(F)c(F)cc3F)cn12
CHEMBL2348417,11.28861,O=C(NCCO)C1=Cc2c(ncnc2Nc2ccc(Oc3cccc4sccc34)c(Cl)c2)NCC1
CHEMBL407100,11.288575,CC(NC(=O)C(C)NC(=O)C(C)NS(=O)(=O)c1cccc2cnccc12)C(=O)NC(C)C(=O)NC(CO)C(=O)NC(CCCN=C(N)N)C(=O)NC(CCCN=C(N)N)C(=O)NC(CCCN=C(N)N)C(=O)NC(CCCN=C(N)N)C(=O)O
CHEMBL415414,11.288575,CC(NC(=O)C(C)NS(=O)(=O)c1cccc2cnccc12)C(=O)NC(CO)C(=O)NC(CCCN=C(N)N)C(=O)NC(CCCN=C(N)N)C(=O)NC(CCCN=C(N)N)C(=O)NC(CCCN=C(N)N)C(=O)NC(CCCN=C(N)N)C(=O)NC(CCCN=C(N)N)C(=O)O
CHEMBL265876,11.288575,CC(NC(=O)C(C)NS(=O)(=O)c1cccc2cnccc12)C(=O)NC(CO)C(=O)NC(CCCN=C(N)N)C(=O)NC(CCCN=C(N)N)C(=O)NC(CCCN=C(N)N)C(=O)NC(CCCN=C(N)N)C(=O)O
CHEMBL207037,11.287892,COc1cc2ncnc(Nc3cccc(Cl)c3F)c2cc1CN1CC(C(N)=O)C1
CHEMBL81214,11.287774,N#Cc1ccc2[nH]c3cnccc3c2c1
CHEMBL384283,11.286338,C=C1OC2C3COC(=O)c4cc(O)c(O)c(O)c4-c4c(cc(O)c(O)c4O)C(=O)OC2C(OC(=O)c2cc(O)c(O)c4c2C2C(O)(O4)C4(O)OC5(C(=O)OC6C(O)COC65O)C12CC4=O)C(OC(=O)c1cc(O)c(O)c(O)c1)O3
CHEMBL518060,11.283775,Cc1ccc(O)cc1CCC1C(=O)CCC2(C)C(C(C)C=CCC(C)C)CCC12
CHEMBL78464,11.282005,Clc1cc(Cl)c2[nH]c3cnccc3c2c1
CHEMBL129,11.281667,Cc1cn(C2CC(N=[N+]=[N-])C(CO)O2)c(=O)[nH]c1=O
CHEMBL525240,11.278014,O=C(O)CC1C(=O)OC2C3COC(=O)c4cc(O)c(O)c(O)c4-c4c(cc(O)c(O)c4O)C(=O)OC2C(OC(=O)c2cc(O)c(O)c4c2C1C(O)C(=O)O4)C(OC(=O)c1cc(O)c(O)c(O)c1)O3
CHEMBL482538,11.272753,c1ccc(-c2ccnc3[nH]ccc23)cc1
CHEMBL82762,11.26996,O=C(OC1OC2CC(=O)c3cc(O)c(O)c(O)c3-c3c(cc(O)c(O)c3O)C(=O)OC2C(O)C1O)c1cc(O)c(O)c(O)c1
CHEMBL1987982,11.269435,FC(F)(F)Oc1ccc(-c2ccc3[nH]cc(C4=CCNCC4)c3c2)cc1
CHEMBL245377,11.267222,CN1CCN(CC(=O)Nc2cccc3c2Cc2c(-c4csc(C#CCOc5ccccc5)c4)n[nH]c2-3)CC1
CHEMBL81170,11.267106,Fc1ccc2[nH]c3cnccc3c2c1
CHEMBL395080,11.266191,COc1cc(-c2ccc3c(c2)Nc2ccc(CC(=O)Nc4ccc(N5CCOCC5)cc4)cc2NC3=O)ccc1N
CHEMBL380386,11.266141,COc1cc2ncnc(Nc3cccc(Cl)c3F)c2cc1CNC(C)C(N)=O
CHEMBL437885,11.264112,COc1cc2ncnc(Nc3cccc(Cl)c3F)c2cc1CN1CCCC1
CHEMBL293750,11.260549,COC1C(N(C)C)CC2OC1(C)n1c3ccccc3c3c4c(c5c6ccccc6n2c5c31)C(=O)OC4
CHEMBL213451,11.25987,CCNc1nnc2ccc(-c3ocnc3-c3ccc(F)cc3)cn12
CHEMBL206783,11.257421,COc1cc2ncnc(Nc3cccc(Cl)c3F)c2cc1CN1CCCCC1C(N)=O
CHEMBL449392,11.256742,O=C(OC1OC2COC(=O)c3cc(O)c(O)c(O)c3-c3c(cc(O)c(O)c3O)C(=O)OC(C2O)C1O)c1cc(O)c(O)c(O)c1
CHEMBL2338335,11.253737,CN1CC(=Cc2ccccn2)C(=O)C(Cc2ccccn2)C1
CHEMBL127277,11.248619,O=C1NC(O)c2c1c1c3ccccc3[nH]c1c1[nH]c3ccccc3c21
CHEMBL208286,11.244468,COc1cc2ncnc(Nc3cccc(Cl)c3F)c2cc1CN(C)C(CO)C(N)=O
CHEMBL1272116,11.242132,CC(C)c1[nH]nc(Cl)c1-c1ccnc(Nc2ccc(N3CCC(N(C)C)CC3)cn2)n1
CHEMBL300549,11.23701,Cn1cc(C2=C(c3cn(C4CCN(Cc5ccccc5)CC4)c4ccccc34)C(=O)NC2=O)c2ccccc21
CHEMBL207246,11.23692,COc1cc2ncnc(Nc3cccc(Cl)c3F)c2cc1CN1CCC1C(N)=O
CHEMBL44541,11.235894,Nc1nccc(-c2c[nH]c3ccc(Br)cc23)n1
CHEMBL1765740,11.234776,CNc1nc(-c2ccc3c(N)n[nH]c3c2)cc(N2CC(C(=O)NC3CCCCC3)CCC2C)n1
CHEMBL312698,11.234546,COC(=O)Nc1cc(Cl)cc2c1[nH]c1cnccc12
CHEMBL312676,11.233171,CS(=O)(=O)Nc1cc(Cl)cc2c1[nH]c1cnccc12
CHEMBL28893,11.232589,CCCCCCCCCCCCCCCCSCC(C[N+](C)(C)C)OC.[Br-]
CHEMBL380454,11.226113,COc1cc2ncnc(Nc3cccc(Cl)c3F)c2cc1CN1CCC(C(N)=O)C1
CHEMBL207445,11.221627,COCCC(C(N)=O)N(C)Cc1cc2c(Nc3cccc(Cl)c3F)ncnc2cc1OC
CHEMBL396377,11.215805,NC1=NC(=O)C(=Cc2ccc3ncccc3c2)S1
CHEMBL1981107,11.214416,Cn1ncc2c1CCCC2=O
CHEMBL102346,11.2131,COc1cc2ncnc(N3CCN(C(=O)Nc4ccc(Oc5ccccc5)cc4)CC3)c2cc1OC
CHEMBL202930,11.208711,COc1cc(-c2ccc3c(c2)NC(=O)C3=Cc2ccc[nH]2)ccc1O
CHEMBL208292,11.20735,COc1cc2ncnc(Nc3cccc(Cl)c3F)c2cc1CN1CCCC1C(N)=O
CHEMBL246166,11.204048,COC(=O)C(=O)Nc1cccc2c1Cc1c(-c3csc(C#CCOc4ccccc4)c3)n[nH]c1-2
CHEMBL1738710,11.191369,Cc1ccc(C(=O)NCCO)cc1-n1cnc(OCc2ccc(F)cc2F)c(Cl)c1=O
CHEMBL519113,11.188404,CC(Nc1c(Nc2ccnc(-c3ccco3)c2)c(=O)c1=O)c1ccccc1
CHEMBL75773,11.184647,O=S(=O)(c1cccc2cnccc12)N1CCNCC1
CHEMBL230761,11.181854,Cn1cnc(CNc2cc(Br)c3ncc(C#N)c(Nc4ccc(F)c(Cl)c4)c3c2)c1
CHEMBL31,11.179565,COc1c(N2CCNC(C)C2)c(F)cc2c(=O)c(C(=O)O)cn(C3CC3)c12
CHEMBL139517,11.175746,O=C1NC(=O)c2c1c1c3cccc(Cl)c3[nH]c1c1[nH]c3c(Cl)cccc3c21
CHEMBL207674,11.173078,COc1cc2ncnc(Nc3cccc(Cl)c3F)c2cc1CN1CCOCC1C(N)=O
CHEMBL275224,11.170226,c1ccc2c(c1)[nH]c1cnccc12
CHEMBL208118,11.1662035,COc1cc2ncnc(Nc3cccc(Cl)c3F)c2cc1CN(C)C(C)C(N)=O
CHEMBL334337,11.165234,O=C1c2c(c3c4ccc(O)cc4n(C4CC(O)C(CO)O4)c3c3[nH]c4cc(O)ccc4c23)C(=O)N1NC(CO)CO
CHEMBL379905,11.164643,COCC(C(N)=O)N(C)Cc1cc2c(Nc3cccc(Cl)c3F)ncnc2cc1OC
CHEMBL81646,11.161555,Oc1cc(O)c2c(c1)OC1(c3ccc(O)c(O)c3)Oc3cc(O)c4c(c3C2C1O)OC(c1ccc(O)c(O)c1)C(O)C4
CHEMBL574588,11.15689,Cc1ccc(-c2ccc3occ(-c4ccc(S(C)=O)cc4)c3c2)o1
CHEMBL245769,11.1518755,COCC(=O)Nc1cccc2c1Cc1c(-c3csc(C#CCOc4ccccc4)c3)n[nH]c1-2
CHEMBL323336,11.149628,COc1cc2ncnc(N3CCN(C(=O)Nc4ccc(Br)cc4)CC3)c2cc1OC
CHEMBL1159463,11.148007,O=C(OCC1OC(OC(=O)c2cc(O)c(O)c(O)c2)C(OC(=O)c2cc(O)c(O)c(O)c2)C(OC(=O)c2cc(O)c(O)c(O)c2)C1O)c1cc(O)c(O)c(O)c1
CHEMBL300559,11.146338,CCCn1c2ccccc2c2c3c(c4c5ccccc5[nH]c4c21)C(=O)NC3=O
CHEMBL431176,11.14563,O=C1NC(=O)c2c1c1c3ccccc3[nH]c1c1c2c2ccccc2n1CC(F)(F)F
CHEMBL291975,11.1450815,Cn1cc(C2=C(c3cn(C4CCN(Cc5ccccc5)C4)c4ccccc34)C(=O)NC2=O)c2ccccc21
CHEMBL493937,11.144895,CN1CCCN(c2cncc(-c3cccc(C=CC(=O)O)c3)n2)CC1
CHEMBL2007138,11.140714,O=C1NC(=O)C(Nc2ccccc2)=C1Cl
CHEMBL80121,11.140353,CC(=O)Nc1cc(Cl)cc2c1[nH]c1cnccc12
CHEMBL53826,11.140109,CCCCCCCCCCCCCCCCOCC(COCCCC[N+](C)(C)C)OC.[Br-]
CHEMBL53606,11.140109,CCCCCCCCCCCCCCCCOCC(COCCCCCC[N+](C)(C)C)OC.[Br-]
CHEMBL379849,11.133008,O=C1C(=Cc2ccccc2F)CNCC1=Cc1ccccc1F
CHEMBL245968,11.13074,COCCOCC(=O)Nc1cccc2c1Cc1c(-c3csc(C#CCOc4ccccc4)c3)n[nH]c1-2
CHEMBL211003,11.122768,CNC(=O)C(C)N(C)Cc1cc2c(Nc3cccc(Cl)c3F)ncnc2cc1OC
CHEMBL354676,11.118943,O=C(Nc1ccccc1)Nc1ccccc1
CHEMBL1159460,11.118112,O=C1OC2C(COC(=O)c3cc(O)c(O)c(O)c3)OC(OC(=O)c3cc(O)c(O)c(O)c3)C(OC(=O)c3cc(O)c(O)c4c3C3C1=CC(=O)C(O)(O)C3(O)O4)C2OC(=O)c1cc(O)c(O)c(O)c1
CHEMBL99572,11.114992,NC(N)=NCCCC(N)C(=O)NCCNCCCCCNC1=C(c2cc3ccccc3[nH]2)C(=O)NC1=O
CHEMBL410643,11.111427,COCC1OC(=O)C(=CN(C)CCCN(C)C)C2=C(O)C(=O)C3=C(C(OC(C)=O)CC4(C)C(O)CCC34)C21C
CHEMBL78573,11.109265,O=C(OC1Cc2c(O)cc(O)cc2OC1c1ccc(O)c(O)c1)c1cc(O)c(O)c(O)c1
CHEMBL1651521,11.103948,COc1cc(O)c2c(c1)CCCC(O)CC(=O)C=CCC(C)OC2=O
CHEMBL407391,11.101731,CN(C)c1ncnc2nc[nH]c12
CHEMBL278819,11.098243,Cc1cc(-c2ccccc2)nnc1NCCN1CCOCC1
CHEMBL485286,11.0948,Cc1ccc(NC(=O)c2ccnc(N3CCCC3)c2)cc1-c1ccc2c(C3CCNCC3)noc2c1
CHEMBL380006,11.094244,COc1cc2ncnc(Nc3cccc(Cl)c3F)c2cc1CN(C)C(C)C(=O)N(C)C
CHEMBL418479,11.087291,CC(C)n1c2ccccc2c2c3c(c4c5ccccc5[nH]c4c21)C(=O)NC3=O
CHEMBL383760,11.08517,CNC(=O)C1CCCN1Cc1cc2c(Nc3cccc(Cl)c3F)ncnc2cc1OC
CHEMBL380889,11.075601,COc1cc2ncnc(Nc3cccc(Cl)c3F)c2cc1CN(C)C(CN(C)C)C(N)=O
CHEMBL1997041,11.075397,Cc1cc(-c2ncnc3[nH]ccc23)ccc1F
CHEMBL478649,11.075144,Cc1ccc(C(=O)NC2CC2)cc1-c1ccc(C(=O)NCC2CC2)cc1
CHEMBL495729,11.073384,Cc1nnc(-c2ccc(-c3cc(NC(=O)c4ccnc(N5CCCC5)c4)ccc3C)c(C)c2)o1
CHEMBL46440,11.055156,Nc1nccc(-c2c[nH]c3cc(Br)ccc23)n1
CHEMBL1668418,11.047675,COc1cc(O)c2c(c1)C=CCCCC(=O)C=CCC(C)OC2=O
CHEMBL175225,11.0472,Oc1cc2cccc[n+]2c2c(Cl)cccc12.[Cl-]
CHEMBL1159459,11.04138,O=C(O)CC1C(=O)OC2C(COC(=O)c3cc(O)c(O)c(O)c3)OC(OC(=O)c3cc(O)c(O)c(O)c3)C(OC(=O)c3cc(O)c(O)c4c3C1C(O)C(=O)O4)C2OC(=O)c1cc(O)c(O)c(O)c1
CHEMBL2001539,11.036893,c1cc2c(s1)CCc1cn[nH]c1-2
CHEMBL66031,11.035366,Brc1cccc(Nc2ncnc3cc4nc[nH]c4cc23)c1
CHEMBL117443,11.034397,Cc1ccc(=N)n(CCCCCCCCCCC(=O)Nc2ccc(-c3ccccc3)nn2)n1
CHEMBL36432,11.030302,CC1(C)CCC2(C(=O)O)CCC3(C)C(=CCC4C5(C)CC(O)C6OC(=O)c7cc(O)c(O)c(O)c7-c7c(cc(O)c(O)c7O)C(=O)OCC6(CO)C5CCC43C)C2C1
CHEMBL1922224,11.018048,Cc1ccc(O)cc1CCC1C(O)CCC2(C)C(C(C)C=CCC(C)C)CCC12
CHEMBL1980161,11.011661,Nc1n[nH]c2c(Cl)cccc12
CHEMBL504547,11.007035,O=C1NC(=O)c2ccc(I)cc2C1=CNCc1ccc(-c2ccoc2)c(O)c1
CHEMBL1976158,11.004487,O=C1c2cc([N+](=O)[O-])ccc2-n2c1nc1cccc(Br)c1c2=O
CHEMBL1938680,11.004094,O=C(Nc1ccc(N2CCNCC2)cc1)c1ccc(-c2ccc(Cl)cc2)o1
CHEMBL1989423,11.002179,c1ccc2c(c1)Cc1cn[nH]c1-2
CHEMBL1922225,11.001296,C=C(CCC(C)C1CCC2C(CCc3cc(O)ccc3C)C(=O)CCC12C)C(C)C
CHEMBL395573,10.991206,N#Cc1cnc2c(Cl)cc(NCc3cccc[n+]3[O-])cc2c1Nc1ccc(F)c(Cl)c1
CHEMBL97768,10.990237,NCCCCCCCNC1=C(c2cc3ccccc3[nH]2)C(=O)NC1=O
CHEMBL327291,10.990237,NCCCCCNC1=C(c2cc3ccccc3[nH]2)C(=O)NC1=O
CHEMBL100102,10.990237,NCCCCCCNC1=C(c2cc3ccccc3[nH]2)C(=O)NC1=O
CHEMBL51563,10.986342,CCCCCCCCCCCCCCCCOCCC[n+]1ccccc1.[Br-]
CHEMBL382822,10.985617,COc1cc2ncnc(Nc3cccc(Cl)c3F)c2cc1CN1CCCC1C(=O)N(C)C
CHEMBL2001641,10.983809,CC(C)(O)c1cn(-c2ccc3[nH]ncc3c2)nn1
CHEMBL309953,10.98013,O=c1c(Cl)cc2c([nH]c3c[nH]ccc32)c1Cl
CHEMBL1987143,10.963683,Nc1nnc2ccc(-c3ccccc3)cn12
CHEMBL1986588,10.961796,Cc1nn(C)c2sc(C(N)=O)cc12
CHEMBL271190,10.959765,COCC1OC(=O)C(=CN(CCO)C(C)(C)C)C2=C(O)C(=O)C3=C(C(OC(C)=O)CC4(C)C(O)CCC34)C21C
CHEMBL1972365,10.955602,Nc1cc2nc(-c3ccccc3)cn2cn1
CHEMBL1243326,10.952446,CNc1nccc(-c2cccnc2Oc2ccc(Nc3nnc(-c4ccc(F)cc4)c4ccccc34)cc2)n1
CHEMBL1991867,10.9499235,Nc1[nH]nc2nc(Cl)sc12
CHEMBL1974617,10.9443245,OCc1cc(-c2ccc3[nH]ncc3c2)on1
CHEMBL522579,10.940261,Cc1nnc(-c2ccc(-c3cc(C(=O)NC4CC4)ccc3C)c(C)c2)o1
CHEMBL230232,10.9356985,N#Cc1cnc2c(Br)cc(NCc3cn[nH]n3)cc2c1Nc1ccc(F)c(Cl)c1
CHEMBL438485,10.935534,O=C1C=CC(=c2ccc(=C3NNC4=C3Cc3cc(C(=O)NC5CCC(O)CC5)ccc34)cc2)C=C1
CHEMBL245212,10.931038,N#Cc1cnc2c(F)cc(NCc3cnc[nH]3)cc2c1Nc1ccc(F)c(Cl)c1
CHEMBL416110,10.926238,CCCCCCCCCCCCCCCCOCCC[N+](C)(C)C.[Br-]
CHEMBL113,10.9219675,Cn1c(=O)c2c(ncn2C)n(C)c1=O
CHEMBL507249,10.921042,OC1CCC(c2[nH]ncc2-c2ccnc(NC3CCCC3)n2)CC1
CHEMBL106966,10.914731,COc1cc2ncnc(N3CCN(C(=O)Nc4ccc(C#N)cc4)CC3)c2cc1OC
CHEMBL319556,10.900946,O=C1NCc2c(-c3ccc(F)cc3F)cc(C3CCNCC3)cc2N1c1c(Cl)cccc1Cl
CHEMBL99743,10.88654,COc1cc2ncnc(N3CCN(C(=O)Nc4ccc([N+](=O)[O-])cc4)CC3)c2cc1OC
CHEMBL395427,10.88024,CCOC(=O)CC(=O)Nc1cccc2c1Cc1c(-c3csc(C#CCOc4ccccc4)c3)n[nH]c1-2
CHEMBL1290746,10.879238,Cc1ccc(C(=O)Nc2ccon2)cc1NC(=O)c1cnn(-c2ccccc2F)c1N
CHEMBL311573,10.872746,CC1OC(O)C2OC(=O)c3cc(O)c(O)c(O)c3-c3c(cc(O)c(O)c3O)C(=O)OC2C1O
CHEMBL280074,10.871642,Cn1cnc2c(NCc3ccccc3)nc(NCCO)nc21
CHEMBL500292,10.868509,O=C(OCC1OC(O)C(OC(=O)c2cc(O)c(O)c(O)c2)C(OC(=O)c2cc(O)c(O)c(O)c2)C1OC(=O)c1cc(O)c(O)c(O)c1)c1cc(O)c(O)c(O)c1
CHEMBL1668419,10.867219,COc1cc(O)c2c(c1)CCCCCC(=O)C=CCC(C)OC2=O
CHEMBL334360,10.866836,O=C1c2c(c3c4ccc(O)cc4n(C4OCC(O)C4O)c3c3[nH]c4cc(O)ccc4c23)C(=O)N1NC(CO)CO
CHEMBL456936,10.862656,Cc1ccc(O)cc1CCC1C(=O)CCC2(C)C(C(C)CCCC(C)C)CCC12
CHEMBL52850,10.861853,CCCCCCCCCCCCCCCCOCC(COCCCC[N+](C)(C)C)OCC.[Br-]
CHEMBL1992607,10.8592825,Nc1ncnc2c1C(=O)NCCN2
CHEMBL185238,10.855213,Cc1cccc(-c2[nH]ncc2-c2ccc3ncccc3n2)n1
CHEMBL491592,10.847277,O=C(OCC1OC(O)C(O)(COC(=O)c2cc(O)c(O)c(O)c2)C1O)c1cc(O)c(O)c(O)c1
CHEMBL1807446,10.846325,Cc1ccc(C(=O)NC2CC2)cc1Nc1ncnn2cc(C(=O)c3ccccc3)c(C)c12
CHEMBL451401,10.838574,NC(=O)c1cccc2cn[nH]c12
CHEMBL269557,10.811118,CC1(C)CCC2(C(=O)OC3OC(CO)C(O)C(O)C3O)CCC3(C)C(=CCC4C5(C)CC(O)C6OC(=O)c7cc(O)c(O)c(O)c7-c7c(cc(O)c(O)c7O)C(=O)OCC6(CO)C5CCC43C)C2C1
CHEMBL80941,10.811102,Oc1cc(O)c2c(c1)OC(c1ccc(O)c(O)c1)C(O)C2
CHEMBL1988622,10.807874,C(=Cc1ccc2nccn2n1)c1ccccc1
CHEMBL97026,10.803287,NCCNC1=C(c2cc3ccccc3[nH]2)C(=O)NC1=O
CHEMBL36985,10.802976,O=C(OC1CC(OC(=O)c2cc(O)c(O)c(O)c2)(C(=O)O)CC(OC(=O)c2cc(O)c(O)c(O)c2)C1OC(=O)c1cc(O)c(O)c(O)c1)c1cc(O)c(O)c(O)c1
CHEMBL1159462,10.795384,O=C(OCC1OC(OC(=O)c2cc(O)c(O)c(O)c2)C(O)C(O)C1OC(=O)c1cc(O)c(O)c(O)c1)c1cc(O)c(O)c(O)c1
CHEMBL447974,10.791631,O=C(OCC1OC(OC(=O)c2cc(O)c(O)c(O)c2)C(OC(=O)c2cc(O)c(O)c(O)c2)C(O)C1O)c1cc(O)c(O)c(O)c1
CHEMBL415233,10.788259,COC1C(N(C)C(=O)c2ccccc2)CC2OC1(C)n1c3ccccc3c3c4c(c5c6ccccc6n2c5c31)C(=O)N(Cc1ccccc1)C4
CHEMBL143703,10.78746,O=C(Nc1ccccc1)Nc1ccccn1
CHEMBL268441,10.782117,CC(=O)N(c1ccccc1)c1cc2c(cc1Nc1ccccc1)C(=O)NC2=O
CHEMBL97448,10.778573,NCCNCCCCCNC1=C(c2cc3ccccc3[nH]2)C(=O)NC1=O
CHEMBL1991008,10.776498,Nc1n[nH]c2c(-c3ccccc3)cccc12
CHEMBL1996837,10.76772,Cc1nn(C)c2sc(C(N)=O)c(N)c12
CHEMBL28657,10.764474,CCCCCCCCCCCCCCCCOCC(C[N+](C)(C)C)OC.[Br-]
CHEMBL454440,10.763666,Cc1c(O)c(O)cc2oc3cc(O)cc(O)c3c(=O)c12
CHEMBL1967612,10.759577,O=C1NS(=O)(=O)c2ccc(Cl)cc21
CHEMBL562488,10.758513,O=c1nc[nH]c2ccc(Br)cc12
CHEMBL177780,10.755836,CCCCCCC(C)CCCCCCCCCCCC1NC(CO)C1O
CHEMBL8036,10.750198,CN1C(=O)c2cc(Nc3ccccc3)c(Nc3ccccc3)cc2C1=O
CHEMBL481248,10.7499075,CC(Nc1c(Nc2ccnc(-c3ccsc3)c2)c(=O)c1=O)c1ccccc1
CHEMBL363607,10.743064,Cc1ccc(F)c(C(=O)n2nc(Nc3ccc(S(N)(=O)=O)cc3)nc2C)c1F
CHEMBL115531,10.743015,N=c1cc2c(nn1CCCCCCCCCCC(=O)Nc1ccc(-c3ccccc3)nn1)-c1ccccc1CC2
CHEMBL98721,10.736039,NC(N)=NCCCC(N)C(=O)NCCCCCNC1=C(c2cc3ccccc3[nH]2)C(=O)NC1=O
CHEMBL1968515,10.73017,O=C1CN2C(=NN1)COc1ccccc12
CHEMBL468125,10.729123,CC(Nc1c(Nc2ccnc(-c3ccccc3F)c2)c(=O)c1=O)c1ccccc1
CHEMBL1986684,10.724624,Cc1cc(C(N)=O)n2nc(C(C)(C)C)cc2n1
CHEMBL436817,10.717782,N#Cc1cnc2c(Cl)cc(NCc3cnc[nH]3)cc2c1Nc1ccc(F)c(Cl)c1
CHEMBL8271,10.714372,O=C1NC(=O)c2cc(Sc3ccccc3)c(Sc3ccccc3)cc21
CHEMBL2002182,10.711625,O=c1[nH]nc2c(-c3ccccc3)cccn12
CHEMBL95812,10.704104,NC(CCC(=O)O)C(=O)NCCCCCNC1=C(c2cc3ccccc3[nH]2)C(=O)NC1=O
CHEMBL497563,10.673632,Cc1ccc(C(=O)NC2CC2)cc1-c1ccc2c(C3CCNCC3)noc2c1
CHEMBL310527,10.670169,O=C(OC1CC(O)(C(=O)O)CC(OC(=O)c2cc(O)c(O)c(O)c2)C1OC(=O)c1cc(O)c(O)c(O)c1)c1cc(O)c(O)c(O)c1
CHEMBL1957190,10.664391,CC(C)n1c2c(c3c1-c1ccccc1C3=O)C(=O)CCC2
CHEMBL267869,10.653851,N#Cc1ccc(Nc2cc3c(cc2Nc2ccc(C#N)cc2)C(=O)NC3=O)cc1
CHEMBL2311100,10.645276,O=C(OCC1OC(O)C(O)(COC(=O)c2cc(O)c(O)c(O)c2)C1OC(=O)c1cc(O)c(O)c(O)c1)c1cc(O)c(O)c(O)c1
CHEMBL95737,10.631956,NCCCNCCCNC1=C(c2cc3ccccc3[nH]2)C(=O)NC1=O
CHEMBL289369,10.631076,O=C(O)C1=CC(O)C(O)C(OC(=O)c2cc(O)c(O)c(O)c2)C1
CHEMBL410778,10.629161,CC(NC(=O)C(C)NS(=O)(=O)c1ccc(N(C)C)c2ccccc12)C(=O)NC(C)C(=O)NC(CCCN=C(N)N)C(=O)NC(CCCN=C(N)N)C(=O)NC(CCCN=C(N)N)C(=O)NC(CCCN=C(N)N)C(=O)O
CHEMBL131456,10.626454,COC(=O)CN1Cc2c(c3c4ccccc4n4c3c3c2c2ccccc2n3C2(C)OC4CC(N(C)C(=O)c3ccccc3)C2OC)C1=O
CHEMBL1972454,10.623647,CC(=O)n1ncc2cc(N)ccc21
CHEMBL97796,10.613293,NCCNCCNC1=C(c2cc3ccccc3[nH]2)C(=O)NC1=O
CHEMBL522251,10.597937,O=C(OCC1OC(OC(=O)c2cc(O)c(O)c(O)c2)C(O)C(O)C1O)c1cc(O)c(O)c(O)c1
CHEMBL39413,10.595061,O=C(O)C1=CC(O)C(O)C(OC(=O)c2cc(O)c(O)c(OC(=O)c3cc(O)c(O)c(O)c3)c2)C1
CHEMBL1983884,10.592616,Nc1ncnc2nc3ccccc3n12
CHEMBL2000879,10.586348,c1ccc(C2CCc3[nH]ncc3C2)cc1
CHEMBL300936,10.583705,CC(C)(C)c1cnc(CSc2cnc(NC(=O)Cc3ccc(CNC(CO)CO)cc3)s2)o1
CHEMBL1992723,10.574542,c1ccc(-c2cccc3nccn23)cc1
CHEMBL269538,10.573831,COc1ccc2c(c1)[nH]c1c(C)nccc12
CHEMBL8000,10.571385,O=C1c2cc(Nc3ccccc3)c(Nc3ccccc3)cc2C(=O)N1c1ccccc1
CHEMBL437640,10.568439,CC(NC(=O)C(C)NC(=O)C(C)NS(=O)(=O)c1ccc(N(C)C)c2ccccc12)C(=O)NC(C)C(=O)NC(CO)C(=O)NC(CCCN=C(N)N)C(=O)NC(CCCN=C(N)N)C(=O)NC(CCCN=C(N)N)C(=O)NC(CCCN=C(N)N)C(=O)O
CHEMBL263188,10.568439,CC(NC(=O)C(C)NS(=O)(=O)c1ccc(N(C)C)c2ccccc12)C(=O)NC(CO)C(=O)NC(CCCN=C(N)N)C(=O)NC(CCCN=C(N)N)C(=O)NC(CCCN=C(N)N)C(=O)NC(CCCN=C(N)N)C(=O)O
CHEMBL466154,10.568118,Cc1cc(O)cc2oc3cc(O)cc(O)c3c(=O)c12
CHEMBL318650,10.564978,NC(Cc1ccccc1)C(=O)NCCNCCCCCNC1=C(c2cc3ccccc3[nH]2)C(=O)NC1=O
CHEMBL2002480,10.553825,Nc1nc2ncc(-c3ccccc3)cn2n1
CHEMBL1976290,10.541634,Cc1cc(-c2ccc3c(c2)CNC3=O)ccc1F
CHEMBL1178727,10.531716,Nc1nc2c(s1)Cc1ccccc1-2
CHEMBL1972583,10.524911,NC(=O)c1cnn2c(-c3ccccc3)ccnc12
CHEMBL2002202,10.52204,O=C1NCc2ccc(-c3ccc(Cl)cc3)cc21
CHEMBL1985042,10.514506,Cc1cc(=O)[nH]c2[nH]n(-c3ccccc3)c(=O)c12
CHEMBL515982,10.512237,C=C(CCC(C)C1CCC2C(CCc3cc(O)ccc3C)C(O)CCC12C)C(C)C
CHEMBL517956,10.500943,Cc1ccc(O)cc1CCC1C(O)CCC2(C)C(C(C)CCCC(C)C)CCC12
CHEMBL1977619,10.494767,O=C(O)c1cc(-c2cccs2)n2nccc2n1
CHEMBL84333,10.484493,O=C(O)C1=CC(OC(=O)c2cc(O)c(O)c(O)c2)C(O)C(OC(=O)c2cc(O)c(O)c(O)c2)C1
CHEMBL1159461,10.482291,O=C1OC2C(CO)OC(OC(=O)c3cc(O)c(O)c(O)c3)C(OC(=O)c3cc(O)c(O)c4c3C3C1=CC(=O)C(O)(O)C3(O)O4)C2O
CHEMBL75680,10.482157,CCCCc1c2c([nH]c1=C1C=CC(=O)C=C1)=NC=CN2
CHEMBL86771,10.469657,Nc1ccc(N)c2c1C(=O)c1ccccc1C2=O
CHEMBL1973795,10.455728,O=C1NCc2ccc(-c3ccccc3)cc21
CHEMBL1967538,10.446737,Cc1nn(C)c2sc3c(=O)nc[nH]c3c12
CHEMBL156776,10.435737,COC1C(COC(=O)CBr)OC(n2c3c(Cl)cccc3c3c4c(c5c6cccc(Cl)c6[nH]c5c32)C(=O)NC4=O)C(O)C1O
CHEMBL295132,10.4328165,COC1C(CO)OC(n2c3c(Cl)cccc3c3c4c(c5c6cccc(Cl)c6[nH]c5c32)C(=O)N(C)C4=O)C(O)C1O
CHEMBL345881,10.426377,COC1C(CO)OC(n2c3c(Cl)cccc3c3c4c(c5c6cccc(Cl)c6[nH]c5c32)C(=O)NC4=O)C(OC(=O)CBr)C1O
CHEMBL405405,10.422471,O=C1c2c(c3c4ccc(O)cc4n(C4CC(O)C(O)C(CO)O4)c3c3[nH]c4cc(O)ccc4c23)C(=O)N1NC(CO)CO
CHEMBL134536,10.418005,CC1OC(n2c3cc(O)ccc3c3c4c(c5c6ccc(O)cc6[nH]c5c32)C(=O)N(NC(CO)CO)C4=O)C(O)C(O)C1O
CHEMBL309733,10.416646,O=C(OC1CC(OC(=O)c2cc(O)c(O)c(O)c2)(C(=O)O)CC(O)C1OC(=O)c1cc(O)c(O)c(O)c1)c1cc(O)c(O)c(O)c1
CHEMBL1967211,10.407617,Fc1ccc(-c2ccc3nccn3n2)cn1
CHEMBL338967,10.407457,O=C1c2c(c3c4ccc(O)cc4n(C4OCC(O)C(O)C4O)c3c3[nH]c4cc(O)ccc4c23)C(=O)N1NC(CO)CO
CHEMBL154620,10.40595,COC1C(CO)OC(n2c3ccccc3c3c4c(c5c6ccccc6[nH]c5c32)C(=O)N(CCCCOC(=O)CBr)C4=O)C(O)C1O
CHEMBL1968394,10.394193,Cc1cccc(-c2ccc3c(c2)C(=O)NC3)c1
CHEMBL112239,10.381329,O=C1c2c(c3c4ccc(O)cc4n(C4OC(CO)C(O)C(O)C4O)c3c3[nH]c4c(O)cc(O)cc4c23)C(=O)N1NC(CO)CO
CHEMBL383172,10.368305,Cc1ccc(C(=O)Nc2ccon2)cc1Nc1ncnc(NC2CCCC2)c1C#N
CHEMBL1973399,10.365955,NC(=O)c1csc2c1NCCC2=O
CHEMBL44137,10.365534,COC1C(CO)OC(n2c3ccccc3c3c4c(c5c6ccccc6[nH]c5c32)C(=O)N(C)C4=O)C(O)C1O
CHEMBL347466,10.356284,COC1C(CO)OC(n2c3c(Cl)cccc3c3c4c(c5c6cccc(Cl)c6[nH]c5c32)C(=O)NC4=O)C(OC(C)=O)C1O
CHEMBL2004887,10.336921,Nc1nccc2nc(-c3ccccc3)cn12
CHEMBL39530,10.336642,O=C(OC1C(O)CC(OC(=O)c2cc(O)c(O)c(O)c2)(C(=O)O)CC1O)c1cc(O)c(O)c(O)c1
CHEMBL345384,10.333893,COC1C(CO)OC(n2c3c(Cl)cccc3c3c4c(c5c6cccc(Cl)c6[nH]c5c32)C(=O)N(CC(=O)CCl)C4=O)C(O)C1O
CHEMBL1987815,10.327699,NC(=O)c1cc(-c2cccs2)n2nccc2n1
CHEMBL93559,10.320041,NC(Cc1ccccc1)C(=O)NCCCCCNC1=C(c2cc3ccccc3[nH]2)C(=O)NC1=O
CHEMBL1984500,10.317278,O=C1NCc2c(Br)cccc21
CHEMBL1984402,10.31099,CC(=O)c1c(-c2ccccc2)nn(C)c(=O)c1N
CHEMBL370100,10.303515,COC1C(CO)OC(n2c3c(Cl)cccc3c3c4c(c5c6cccc(Cl)c6[nH]c5c32)C(=O)NC4=O)C(O)C1O
CHEMBL7929,10.284448,O=C1NC(=O)c2cc(Nc3ccc(-c4ccccc4)cc3)c(Nc3ccc(-c4ccccc4)cc3)cc21
CHEMBL39744,10.270387,O=C(OC1C(O)CC(O)(C(=O)O)CC1O)c1cc(O)c(O)c(O)c1
CHEMBL273547,10.269754,Cc1[nH]cnc1-c1nccc2c1[nH]c1ccccc12
CHEMBL8163,10.256874,O=C1NC(=O)c2cc(Nc3ccc(I)cc3)c(Nc3ccc(I)cc3)cc21
CHEMBL480283,10.252208,O=C(OC1OC(CO)C(O)C(O)C1O)c1cc(O)c(O)c(O)c1
CHEMBL14445,10.238315,Cc1nccc2c1[nH]c1cc(F)ccc12
CHEMBL47243,10.2126875,COC1C(CO)OC(n2c3ccccc3c3c4c(c5c6ccccc6[nH]c5c32)C(=O)NC4=O)C(O)C1O
CHEMBL336626,10.172898,O=C1c2c(c3c4ccc(O)cc4n(C4OC(C(O)CO)C(O)C4O)c3c3[nH]c4cc(O)ccc4c23)C(=O)N1NC(CO)CO
CHEMBL1995916,10.170415,CNC(=O)c1cc(-c2ccccc2)n[nH]1
CHEMBL456294,10.169518,Cc1ccc(O)cc1CCC1C(=O)CCC2(C)C1CC(O)C2C(C)CCCC(C)C
CHEMBL322711,10.057483,O=C1c2c(c3c4cccc(O)c4n(C4OC(CO)C(O)C(O)C4O)c3c3[nH]c4cc(O)ccc4c23)C(=O)N1NC(CO)CO
CHEMBL111889,10.055747,O=C1c2c(c3c4c(O)cccc4n(C4OC(CO)C(O)C(O)C4O)c3c3[nH]c4ccccc4c23)C(=O)N1NC(CO)CO
CHEMBL324765,10.051477,O=C1c2c(c3c4ccc(O)cc4n(C4OC(CO)C(O)C(O)C4O)c3c3[nH]c4c(O)cccc4c23)C(=O)N1NC(CO)CO
CHEMBL112602,10.045972,O=C1c2c(c3c4cc(O)ccc4n(C4OC(CO)C(O)C(O)C4O)c3c3[nH]c4c(O)cccc4c23)C(=O)N1NC(CO)CO
CHEMBL320574,10.035428,O=C1c2c(c3c4ccccc4n(C4OC(CO)C(O)C(O)C4O)c3c3[nH]c4cccc(O)c4c23)C(=O)N1NC(CO)CO
CHEMBL111779,10.033703,O=C1c2c(c3c4cc(O)ccc4n(C4OC(CO)C(O)C(O)C4O)c3c3[nH]c4ccccc4c23)C(=O)N1NC(CO)CO
CHEMBL334064,10.03357,O=C1c2c(c3c4cc(O)cc(O)c4n(C4OC(CO)C(O)C(O)C4O)c3c3[nH]c4c(O)cc(O)cc4c23)C(=O)N1NC(CO)CO
CHEMBL321262,10.032879,O=C1c2c(c3c4ccc(O)cc4n(C4OC(CO)C(O)C(O)C4O)c3c3[nH]c4ccccc4c23)C(=O)N1NC(CO)CO
CHEMBL464351,10.009269,Cc1ccc(O)cc1CCC1C(O)CCC2(C)C1CC(O)C2C(C)CCCC(C)C
CHEMBL433841,10.004936,O=C1c2c(c3c4cc(O)ccc4n(C4OC(CO)C(O)C(O)C4O)c3c3[nH]c4cc(O)ccc4c23)C(=O)N1NC(CO)CO
CHEMBL432622,10.001784,O=C1c2c(c3c4cccc(O)c4n(C4OC(CO)C(O)C(O)C4O)c3c3[nH]c4ccccc4c23)C(=O)N1NC(CO)CO
CHEMBL433855,9.988418,O=C1c2c(c3c4ccc(O)cc4n(C4OC(CO)C(O)C4O)c3c3[nH]c4cc(O)ccc4c23)C(=O)N1NC(CO)CO
CHEMBL325839,9.980615,O=C1c2c(c3c4ccccc4n(C4OC(CO)C(O)C(O)C4O)c3c3[nH]c4cc(O)ccc4c23)C(=O)N1NC(CO)CO
CHEMBL347684,9.970948,COC1C(CO)OC(n2c3ccccc3c3c4c(c5c6ccccc6[nH]c5c32)C(=O)NC4=O)C(OC(=O)CBr)C1O
CHEMBL277008,9.967785,O=C1c2c(c3c4cccc(O)c4n(C4OC(CO)C(O)C(O)C4O)c3c3[nH]c4c(O)cccc4c23)C(=O)N1NC(CO)CO
CHEMBL325005,9.967341,O=C1c2c(c3c4ccccc4n(C4OC(CO)C(O)C(O)C4O)c3c3[nH]c4c(O)cccc4c23)C(=O)N1NC(CO)CO
CHEMBL8091,9.95782,COC(=O)c1cc(Nc2ccc(F)cc2)c(Nc2ccc(F)cc2)cc1C(=O)OC
CHEMBL435191,9.948703,O=C1c2c(c3c4ccc(O)cc4n(C4OC(CO)C(O)C(O)C4O)c3c3[nH]c4cc(O)ccc4c23)C(=O)N1NC(CO)CO
CHEMBL347195,9.940762,COC1C(CO)OC(n2c3ccccc3c3c4c(c5c6ccccc6[nH]c5c32)C(=O)NC4=O)C(O)C1OC(=O)CBr
CHEMBL322712,9.920645,O=C1c2c(c3c4cccc(O)c4n(C4OC(CO)C(O)C(O)C4O)c3c3[nH]c4ccc(O)cc4c23)C(=O)N1NC(CO)CO
CHEMBL323601,9.912196,O=C1c2c(c3c4cc(O)ccc4n(C4OC(CO)C(O)C(O)C4O)c3c3[nH]c4ccc(O)cc4c23)C(=O)N1NC(CO)CO
CHEMBL323394,9.905936,O=C1c2c(c3c4ccc(O)cc4n(C4OC(CO)C(O)C(O)C4O)c3c3[nH]c4ccc(O)cc4c23)C(=O)N1NC(CO)CO
CHEMBL8222,9.900678,COC(=O)c1cc(Nc2ccccc2)c(Nc2ccccc2)cc1C(=O)OC
CHEMBL320575,9.84867,O=C1c2c(c3c4ccccc4n(C4OC(CO)C(O)C(O)C4O)c3c3[nH]c4ccc(O)cc4c23)C(=O)N1NC(CO)CO
CHEMBL2029060,9.831892,O=C1c2c(c3c4ccc(O)cc4n(C4OC(CO)C(OC5OC(CO)C(O)C(O)C5O)C(O)C4O)c3c3[nH]c4cc(O)ccc4c23)C(=O)N1NC(CO)CO
CHEMBL2163772,9.512429,Oc1ccc2oc3ncc(O)c(-c4ccccc4)c3c2c1
CHEMBL14217,9.498984,O=[N+]([O-])c1ccc(Cl)c(-c2nccc3c2[nH]c2ccccc23)c1
CHEMBL373751,4.4589796,COc1cc2ncn(-c3cc(OCc4ccccc4S(C)(=O)=O)c(C#N)s3)c2cc1OC
